Date,BERNALILLO,CATRON,CHAVES,CIBOLA,COLFAX,CURRY,DEBACA,DONA ANA,EDDY,GRANT,GUADALUPE,HARDING,HIDALGO,LEA,LINCOLN,LOS ALAMOS,LUNA,MCKINLEY,MORA,OTERO,QUAY,RIO ARRIBA,ROOSEVELT,SANDOVAL,SAN JUAN,SAN MIGUEL,SANTA FE,SIERRA,SOCORRO,TAOS,TORRANCE,UNION,VALENCIA
,35001,35003,35005,35006,35007,35009,35011,35013,35015,35017,35019,35021,35023,35025,35027,35028,35029,35031,35033,35035,35037,35039,35041,35043,35045,35047,35049,35051,35053,35055,35057,35059,35061
2020-01-22,0,0,0,0,0,0,0,0,0,0,0,0,0,0,0,0,0,0,0,0,0,0,0,0,0,0,0,0,0,0,0,0,0
2020-01-23,0,0,0,0,0,0,0,0,0,0,0,0,0,0,0,0,0,0,0,0,0,0,0,0,0,0,0,0,0,0,0,0,0
2020-01-24,0,0,0,0,0,0,0,0,0,0,0,0,0,0,0,0,0,0,0,0,0,0,0,0,0,0,0,0,0,0,0,0,0
2020-01-25,0,0,0,0,0,0,0,0,0,0,0,0,0,0,0,0,0,0,0,0,0,0,0,0,0,0,0,0,0,0,0,0,0
2020-01-26,0,0,0,0,0,0,0,0,0,0,0,0,0,0,0,0,0,0,0,0,0,0,0,0,0,0,0,0,0,0,0,0,0
2020-01-27,0,0,0,0,0,0,0,0,0,0,0,0,0,0,0,0,0,0,0,0,0,0,0,0,0,0,0,0,0,0,0,0,0
2020-01-28,0,0,0,0,0,0,0,0,0,0,0,0,0,0,0,0,0,0,0,0,0,0,0,0,0,0,0,0,0,0,0,0,0
2020-01-29,0,0,0,0,0,0,0,0,0,0,0,0,0,0,0,0,0,0,0,0,0,0,0,0,0,0,0,0,0,0,0,0,0
2020-01-30,0,0,0,0,0,0,0,0,0,0,0,0,0,0,0,0,0,0,0,0,0,0,0,0,0,0,0,0,0,0,0,0,0
2020-01-31,0,0,0,0,0,0,0,0,0,0,0,0,0,0,0,0,0,0,0,0,0,0,0,0,0,0,0,0,0,0,0,0,0
2020-02-01,0,0,0,0,0,0,0,0,0,0,0,0,0,0,0,0,0,0,0,0,0,0,0,0,0,0,0,0,0,0,0,0,0
2020-02-02,0,0,0,0,0,0,0,0,0,0,0,0,0,0,0,0,0,0,0,0,0,0,0,0,0,0,0,0,0,0,0,0,0
2020-02-03,0,0,0,0,0,0,0,0,0,0,0,0,0,0,0,0,0,0,0,0,0,0,0,0,0,0,0,0,0,0,0,0,0
2020-02-04,0,0,0,0,0,0,0,0,0,0,0,0,0,0,0,0,0,0,0,0,0,0,0,0,0,0,0,0,0,0,0,0,0
2020-02-05,0,0,0,0,0,0,0,0,0,0,0,0,0,0,0,0,0,0,0,0,0,0,0,0,0,0,0,0,0,0,0,0,0
2020-02-06,0,0,0,0,0,0,0,0,0,0,0,0,0,0,0,0,0,0,0,0,0,0,0,0,0,0,0,0,0,0,0,0,0
2020-02-07,0,0,0,0,0,0,0,0,0,0,0,0,0,0,0,0,0,0,0,0,0,0,0,0,0,0,0,0,0,0,0,0,0
2020-02-08,0,0,0,0,0,0,0,0,0,0,0,0,0,0,0,0,0,0,0,0,0,0,0,0,0,0,0,0,0,0,0,0,0
2020-02-09,0,0,0,0,0,0,0,0,0,0,0,0,0,0,0,0,0,0,0,0,0,0,0,0,0,0,0,0,0,0,0,0,0
2020-02-10,0,0,0,0,0,0,0,0,0,0,0,0,0,0,0,0,0,0,0,0,0,0,0,0,0,0,0,0,0,0,0,0,0
2020-02-11,0,0,0,0,0,0,0,0,0,0,0,0,0,0,0,0,0,0,0,0,0,0,0,0,0,0,0,0,0,0,0,0,0
2020-02-12,0,0,0,0,0,0,0,0,0,0,0,0,0,0,0,0,0,0,0,0,0,0,0,0,0,0,0,0,0,0,0,0,0
2020-02-13,0,0,0,0,0,0,0,0,0,0,0,0,0,0,0,0,0,0,0,0,0,0,0,0,0,0,0,0,0,0,0,0,0
2020-02-14,0,0,0,0,0,0,0,0,0,0,0,0,0,0,0,0,0,0,0,0,0,0,0,0,0,0,0,0,0,0,0,0,0
2020-02-15,0,0,0,0,0,0,0,0,0,0,0,0,0,0,0,0,0,0,0,0,0,0,0,0,0,0,0,0,0,0,0,0,0
2020-02-16,0,0,0,0,0,0,0,0,0,0,0,0,0,0,0,0,0,0,0,0,0,0,0,0,0,0,0,0,0,0,0,0,0
2020-02-17,0,0,0,0,0,0,0,0,0,0,0,0,0,0,0,0,0,0,0,0,0,0,0,0,0,0,0,0,0,0,0,0,0
2020-02-18,0,0,0,0,0,0,0,0,0,0,0,0,0,0,0,0,0,0,0,0,0,0,0,0,0,0,0,0,0,0,0,0,0
2020-02-19,0,0,0,0,0,0,0,0,0,0,0,0,0,0,0,0,0,0,0,0,0,0,0,0,0,0,0,0,0,0,0,0,0
2020-02-20,0,0,0,0,0,0,0,0,0,0,0,0,0,0,0,0,0,0,0,0,0,0,0,0,0,0,0,0,0,0,0,0,0
2020-02-21,0,0,0,0,0,0,0,0,0,0,0,0,0,0,0,0,0,0,0,0,0,0,0,0,0,0,0,0,0,0,0,0,0
2020-02-22,0,0,0,0,0,0,0,0,0,0,0,0,0,0,0,0,0,0,0,0,0,0,0,0,0,0,0,0,0,0,0,0,0
2020-02-23,0,0,0,0,0,0,0,0,0,0,0,0,0,0,0,0,0,0,0,0,0,0,0,0,0,0,0,0,0,0,0,0,0
2020-02-24,0,0,0,0,0,0,0,0,0,0,0,0,0,0,0,0,0,0,0,0,0,0,0,0,0,0,0,0,0,0,0,0,0
2020-02-25,0,0,0,0,0,0,0,0,0,0,0,0,0,0,0,0,0,0,0,0,0,0,0,0,0,0,0,0,0,0,0,0,0
2020-02-26,0,0,0,0,0,0,0,0,0,0,0,0,0,0,0,0,0,0,0,0,0,0,0,0,0,0,0,0,0,0,0,0,0
2020-02-27,0,0,0,0,0,0,0,0,0,0,0,0,0,0,0,0,0,0,0,0,0,0,0,0,0,0,0,0,0,0,0,0,0
2020-02-28,0,0,0,0,0,0,0,0,0,0,0,0,0,0,0,0,0,0,0,0,0,0,0,0,0,0,0,0,0,0,0,0,0
2020-02-29,0,0,0,0,0,0,0,0,0,0,0,0,0,0,0,0,0,0,0,0,0,0,0,0,0,0,0,0,0,0,0,0,0
2020-03-01,0,0,0,0,0,0,0,0,0,0,0,0,0,0,0,0,0,0,0,0,0,0,0,0,0,0,0,0,0,0,0,0,0
2020-03-02,0,0,0,0,0,0,0,0,0,0,0,0,0,0,0,0,0,0,0,0,0,0,0,0,0,0,0,0,0,0,0,0,0
2020-03-03,0,0,0,0,0,0,0,0,0,0,0,0,0,0,0,0,0,0,0,0,0,0,0,0,0,0,0,0,0,0,0,0,0
2020-03-04,0,0,0,0,0,0,0,0,0,0,0,0,0,0,0,0,0,0,0,0,0,0,0,0,0,0,0,0,0,0,0,0,0
2020-03-05,0,0,0,0,0,0,0,0,0,0,0,0,0,0,0,0,0,0,0,0,0,0,0,0,0,0,0,0,0,0,0,0,0
2020-03-06,0,0,0,0,0,0,0,0,0,0,0,0,0,0,0,0,0,0,0,0,0,0,0,0,0,0,0,0,0,0,0,0,0
2020-03-07,0,0,0,0,0,0,0,0,0,0,0,0,0,0,0,0,0,0,0,0,0,0,0,0,0,0,0,0,0,0,0,0,0
2020-03-08,0,0,0,0,0,0,0,0,0,0,0,0,0,0,0,0,0,0,0,0,0,0,0,0,0,0,0,0,0,0,0,0,0
2020-03-09,0,0,0,0,0,0,0,0,0,0,0,0,0,0,0,0,0,0,0,0,0,0,0,0,0,0,0,0,0,0,0,0,0
2020-03-10,0,0,0,0,0,0,0,0,0,0,0,0,0,0,0,0,0,0,0,0,0,0,0,0,0,0,0,0,0,0,0,0,0
2020-03-11,1,0,0,0,0,0,0,0,0,0,0,0,0,0,0,0,0,0,0,0,0,0,0,0,0,0,1,0,2,0,0,0,0
2020-03-12,1,0,0,0,0,0,0,0,0,0,0,0,0,0,0,0,0,0,0,0,0,0,0,0,0,0,1,0,0,0,0,0,0
2020-03-13,3,0,0,0,0,0,0,0,0,0,0,0,0,0,0,0,0,0,0,0,0,0,0,0,0,0,1,0,0,0,0,0,0
2020-03-14,1,0,0,0,0,0,0,0,0,0,0,0,0,0,0,0,0,0,0,0,0,0,0,2,0,0,0,0,0,0,0,0,0
2020-03-15,4,0,0,0,0,0,0,0,0,0,0,0,0,0,0,0,0,0,0,0,0,0,0,0,0,0,0,0,0,0,0,0,0
2020-03-16,4,0,0,0,0,0,0,0,0,0,0,0,0,0,0,0,0,0,0,0,0,0,0,0,0,0,0,0,0,0,0,0,0
2020-03-17,0,0,0,0,0,0,0,0,0,0,0,0,0,0,0,0,0,0,0,0,0,0,0,0,0,0,1,0,0,1,0,0,0
2020-03-18,3,0,0,0,0,0,0,0,0,0,0,0,0,0,0,0,0,0,0,0,0,0,0,0,0,0,2,0,0,0,0,0,0
2020-03-19,3,0,0,0,0,0,0,0,0,0,0,0,0,0,0,0,0,0,0,0,0,0,0,2,0,1,1,0,0,0,0,0,0
2020-03-20,3,0,0,0,0,0,0,1,0,0,0,0,0,0,0,0,0,1,0,0,0,0,0,2,0,0,0,0,0,1,0,0,0
2020-03-21,9,0,0,0,0,0,0,1,0,0,0,0,0,1,0,0,0,0,0,0,0,0,0,1,0,0,1,0,0,1,0,0,0
2020-03-22,2,0,0,0,0,0,0,2,0,0,0,0,0,0,0,0,0,1,0,0,0,0,0,0,1,0,2,0,0,0,0,0,0
2020-03-23,4,0,4,0,0,0,0,6,0,0,0,0,0,0,0,0,0,0,0,0,0,0,0,0,2,0,2,0,0,0,0,0,0
2020-03-24,5,0,0,1,0,1,0,3,0,0,0,0,0,0,0,0,0,1,0,0,0,0,0,0,4,0,2,0,0,0,0,0,0
2020-03-25,5,0,0,0,0,0,0,0,1,0,0,0,0,0,0,0,0,0,0,0,0,2,0,1,1,0,3,0,0,0,0,0,0
2020-03-26,7,0,0,0,0,0,0,3,0,0,0,0,0,0,0,0,0,0,0,0,0,0,0,2,6,0,5,0,0,0,0,0,0
2020-03-27,27,0,0,1,0,0,0,0,1,0,0,0,0,1,0,0,0,2,0,0,0,1,1,5,3,0,7,0,0,5,0,0,1
2020-03-28,11,0,3,0,0,0,0,1,1,0,0,0,0,0,0,0,0,0,0,0,0,0,0,0,1,0,1,0,0,1,0,0,0
2020-03-29,8,0,1,0,0,2,0,0,1,0,0,0,0,0,0,0,0,4,0,0,0,-1,0,3,4,0,4,0,0,0,0,0,1
2020-03-30,16,0,2,0,0,0,0,1,0,0,0,0,0,0,0,0,0,3,0,0,0,1,0,5,5,0,4,0,1,1,3,0,3
2020-03-31,12,0,0,0,0,0,0,0,0,0,0,0,0,0,0,0,0,4,0,0,0,1,0,6,5,0,4,0,0,1,0,0,0
2020-04-01,19,1,0,2,0,2,0,3,0,1,0,0,0,0,0,0,0,4,0,1,0,0,0,3,5,0,6,0,0,1,0,0,0
2020-04-02,15,0,3,1,0,1,0,0,0,0,0,0,0,0,0,0,0,4,0,1,0,1,0,8,4,0,0,0,1,1,0,0,0
2020-04-03,39,0,0,3,0,0,0,1,0,0,0,0,0,0,0,0,0,8,0,0,0,0,0,26,9,0,4,0,0,0,0,0,0
2020-04-04,23,0,0,4,0,0,0,1,0,0,0,0,0,0,1,1,0,0,0,0,0,1,0,3,8,0,6,0,0,0,3,0,0
2020-04-05,21,0,0,2,0,0,0,6,0,0,0,0,0,0,0,1,0,8,0,1,0,0,0,34,0,0,4,0,1,0,0,0,2
2020-04-06,16,0,1,0,0,0,0,1,0,2,0,0,0,0,0,0,0,4,0,0,0,0,0,11,25,0,2,0,0,0,0,0,0
2020-04-07,45,0,1,1,0,2,0,5,0,1,0,0,0,0,0,0,0,11,0,0,0,0,0,14,24,0,2,0,0,1,1,0,0
2020-04-08,18,0,1,1,0,0,0,4,2,0,0,0,0,0,0,0,0,15,0,0,0,1,0,15,9,0,2,0,2,0,0,0,1
2020-04-09,44,0,2,5,1,1,0,5,0,0,0,0,0,0,0,2,0,14,0,0,0,0,0,31,10,0,2,0,2,1,1,0,3
2020-04-10,38,0,0,3,0,0,0,0,0,3,0,0,0,0,0,0,2,29,0,0,0,0,0,3,16,0,2,0,1,0,1,0,3
2020-04-11,15,0,1,1,0,0,0,5,0,1,0,0,0,0,0,0,0,27,0,0,1,0,0,22,7,0,2,0,1,0,0,0,1
2020-04-12,18,0,0,0,0,1,0,0,1,1,0,0,0,0,0,1,0,4,0,1,0,0,0,36,2,0,1,0,1,0,1,0,3
2020-04-13,15,0,0,0,1,0,0,1,0,1,0,0,0,0,0,0,0,47,0,-1,0,0,0,9,22,0,1,0,2,0,0,0,2
2020-04-14,9,0,0,3,0,0,0,0,0,0,0,0,0,0,0,1,0,13,0,0,0,3,0,9,19,1,0,0,1,0,2,0,1
2020-04-15,13,0,0,1,0,0,0,4,0,1,0,0,0,0,0,0,0,38,0,0,0,0,0,9,8,0,2,0,1,0,0,0,0
2020-04-16,14,0,0,1,1,0,0,4,0,1,0,0,0,0,0,0,1,23,0,0,0,0,0,31,29,0,1,0,4,0,0,0,3
2020-04-17,23,0,2,2,1,0,0,7,2,1,0,0,0,0,0,0,0,51,0,0,0,0,0,8,14,0,1,0,0,0,0,0,2
2020-04-18,13,0,0,1,0,0,0,2,0,0,1,0,0,0,0,0,0,40,0,0,1,0,0,10,17,0,2,0,0,0,0,0,0
2020-04-19,15,0,0,0,0,0,0,2,0,0,0,0,0,0,0,0,0,7,0,0,0,0,0,4,15,0,1,0,0,0,0,0,3
2020-04-20,24,0,0,0,1,0,0,4,1,1,0,0,0,0,0,0,0,53,0,0,1,1,0,2,18,0,3,0,11,1,1,0,4
2020-04-21,19,0,0,2,0,0,0,3,0,0,0,0,0,0,1,0,0,44,0,0,0,0,0,5,21,0,2,0,3,0,0,0,1
2020-04-22,15,0,0,0,0,0,0,6,1,0,1,0,0,3,0,0,0,59,0,0,0,0,3,19,25,0,5,0,0,0,0,0,1
2020-04-23,31,0,1,3,0,0,0,6,0,0,1,1,0,3,0,0,0,54,0,2,1,0,0,4,51,0,3,0,4,1,0,0,3
2020-04-24,20,0,0,0,0,0,0,6,0,0,4,0,0,2,0,0,0,66,0,0,0,1,0,12,30,0,0,0,1,0,0,0,3
2020-04-25,19,0,0,1,0,1,0,16,0,0,5,0,0,0,0,0,0,69,0,0,0,0,2,8,15,0,0,0,1,0,0,1,0
2020-04-26,18,0,0,2,0,2,0,6,2,0,1,0,0,0,0,0,0,12,0,0,0,2,1,9,7,0,0,0,0,0,1,2,1
2020-04-27,6,0,0,0,0,-1,0,10,-1,0,0,0,0,0,0,0,0,58,0,0,0,0,0,4,21,0,0,0,0,0,0,0,0
2020-04-28,44,0,0,5,0,1,0,3,0,0,0,0,0,0,0,0,0,42,0,0,0,0,1,5,45,0,2,0,1,0,1,0,0
2020-04-29,27,0,0,1,0,0,0,1,0,0,1,0,0,0,0,0,1,133,0,0,0,0,0,2,68,0,0,1,1,0,0,0,2
2020-04-30,46,0,0,5,0,4,0,14,0,0,0,0,0,0,0,0,1,74,0,0,0,0,1,4,45,0,2,0,0,1,0,0,1
2020-05-01,19,0,1,11,0,0,0,3,0,0,0,0,0,0,0,0,0,37,0,0,0,4,0,7,16,0,0,0,1,1,0,0,2
2020-05-02,53,0,0,0,0,1,0,6,1,1,0,0,0,2,0,0,1,52,0,1,0,4,0,14,73,0,7,0,0,0,1,0,2
2020-05-03,37,0,0,5,0,0,0,6,0,1,1,0,0,0,0,0,1,28,0,0,0,2,1,6,26,0,0,0,2,1,0,0,1
2020-05-04,24,0,1,1,0,1,0,11,0,-1,0,0,0,0,0,0,0,89,0,2,0,0,0,5,45,0,1,0,1,0,0,0,0
2020-05-05,19,0,1,5,0,1,0,3,0,0,0,0,0,0,0,0,0,41,0,0,0,0,0,5,25,1,0,0,2,0,1,0,3
2020-05-06,18,1,0,8,0,3,0,7,0,0,0,0,0,2,0,0,0,63,0,1,0,0,1,6,38,1,2,0,0,0,0,0,2
2020-05-07,31,0,1,0,0,3,0,17,0,0,0,0,0,0,0,0,0,65,0,0,0,2,0,7,77,0,0,0,0,0,0,0,-1
2020-05-08,18,0,1,3,0,2,0,9,1,0,0,0,0,0,0,0,0,58,0,6,0,1,0,12,68,1,0,0,0,0,0,0,1
2020-05-09,20,0,0,1,0,1,0,6,0,0,0,0,0,0,0,0,0,48,0,0,0,0,0,1,26,1,0,0,0,0,1,0,0
2020-05-10,23,0,0,0,0,0,0,20,0,0,0,0,0,1,0,0,0,14,0,1,0,0,0,6,19,0,1,0,0,0,0,0,0
2020-05-11,13,0,0,0,0,2,0,24,0,0,0,0,0,0,0,0,1,63,0,15,0,1,0,9,73,1,1,0,1,0,0,0,2
2020-05-12,25,0,1,3,0,1,0,0,0,0,2,0,0,0,0,0,0,43,0,15,1,0,1,7,42,0,0,0,0,1,1,0,0
2020-05-13,13,0,2,6,0,2,0,4,0,0,0,0,0,0,0,0,0,53,0,10,0,0,1,3,54,0,1,0,0,1,0,0,2
2020-05-14,25,0,0,7,0,0,0,10,3,1,0,0,0,0,0,0,0,49,0,4,0,2,1,2,34,0,0,0,0,0,0,0,1
2020-05-15,31,0,0,0,0,2,0,11,0,0,2,0,0,0,0,0,0,57,0,8,0,0,0,4,37,2,1,0,0,1,0,0,3
2020-05-16,14,0,0,1,0,4,0,12,0,0,0,0,0,0,1,0,0,77,0,7,0,1,12,5,42,1,8,0,0,-1,0,0,1
2020-05-17,16,0,0,1,0,1,0,12,0,0,0,0,0,1,0,0,0,24,0,0,0,0,0,5,28,0,1,0,0,0,0,0,2
2020-05-18,8,0,1,1,0,0,0,15,0,0,0,0,1,2,0,0,0,65,0,24,0,2,1,2,32,0,1,0,0,1,0,0,2
2020-05-19,7,0,0,5,0,2,0,10,0,0,0,0,0,0,0,0,0,34,0,0,0,0,0,3,32,0,2,0,0,-1,1,0,1
2020-05-20,29,0,1,3,0,1,0,3,0,0,0,0,0,0,0,0,0,22,0,19,0,0,-1,22,24,0,1,0,0,0,0,0,1
2020-05-21,19,0,2,2,0,0,0,40,0,0,0,0,0,3,0,0,0,35,0,0,0,3,0,8,19,0,0,0,0,0,0,0,0
2020-05-22,40,0,1,9,0,1,0,8,0,0,0,0,0,0,0,0,0,42,0,28,0,0,5,1,39,0,2,0,0,0,0,0,1
2020-05-23,13,0,1,0,0,1,0,21,0,0,0,0,0,2,0,0,0,42,0,37,0,0,2,5,43,1,1,0,0,1,1,0,-1
2020-05-24,11,0,3,7,0,0,0,16,1,0,0,0,0,0,0,0,0,64,0,3,0,1,1,9,25,0,2,0,0,1,1,0,3
2020-05-25,10,0,1,0,0,0,0,16,1,0,0,0,0,1,0,0,-1,23,0,0,0,0,2,1,23,4,1,0,0,0,0,0,0
2020-05-26,15,0,2,1,0,3,0,5,0,-1,1,0,0,0,-1,0,0,21,0,6,0,0,0,2,24,0,0,0,0,0,26,0,1
2020-05-27,21,0,0,4,0,1,0,11,0,0,0,0,0,0,0,0,0,34,0,2,0,1,1,5,37,-1,4,0,0,0,2,0,0
2020-05-28,51,0,0,2,0,1,0,3,2,0,0,0,0,0,0,0,0,21,0,2,0,3,0,5,20,0,1,0,1,0,0,0,0
2020-05-29,11,0,2,3,0,1,0,7,-1,0,0,0,0,2,0,0,1,57,0,8,0,2,0,3,30,1,-1,0,0,1,0,1,1
2020-05-30,19,0,1,2,0,-1,0,11,0,0,0,0,0,0,0,0,0,58,0,7,0,1,1,7,23,0,3,0,0,0,0,0,-1
2020-05-31,12,0,2,2,0,1,0,6,2,0,0,0,0,0,0,0,0,9,0,4,0,3,2,2,18,0,2,0,0,-1,0,0,1
2020-06-01,10,0,3,0,0,1,0,10,2,0,0,0,0,0,0,0,0,36,0,0,0,1,2,0,38,0,2,0,1,5,0,0,0
2020-06-02,13,0,1,2,0,2,0,3,-1,0,0,0,0,0,2,0,1,29,0,116,0,1,-1,4,42,0,5,0,1,1,0,0,3
2020-06-03,25,0,-1,2,0,1,0,9,0,0,0,0,0,0,1,0,1,35,0,25,0,3,0,3,8,0,2,0,0,0,0,0,2
2020-06-04,19,0,1,1,0,1,0,21,3,0,0,0,0,0,0,0,-1,27,0,111,0,0,1,3,21,0,0,0,2,1,1,0,1
2020-06-05,16,0,-1,4,0,5,0,26,2,0,0,0,0,3,0,0,2,75,0,130,0,2,0,1,51,0,0,0,0,0,1,1,1
2020-06-06,16,0,-1,7,0,0,0,23,2,0,0,0,0,0,0,0,0,40,0,3,0,0,0,6,30,0,0,0,1,0,1,0,0
2020-06-07,17,0,0,7,0,0,0,12,5,0,0,0,0,0,0,0,1,37,0,1,0,0,0,12,43,0,5,0,0,0,0,0,0
2020-06-08,8,0,0,2,0,2,0,17,3,0,0,0,0,3,0,0,0,52,0,0,0,3,3,3,24,1,0,0,0,0,0,0,0
2020-06-09,12,0,-1,1,0,0,0,2,0,0,0,0,0,1,0,0,0,11,0,3,-1,0,0,4,9,0,3,0,0,0,0,0,0
2020-06-10,11,0,2,1,1,4,0,26,4,0,0,0,0,1,0,0,0,50,0,0,0,2,1,0,35,0,2,2,0,0,0,0,3
2020-06-11,29,0,2,3,0,0,0,17,3,1,0,0,0,1,0,0,8,15,0,19,0,1,5,3,9,0,1,0,0,0,-1,0,2
2020-06-12,17,0,1,8,-1,3,0,5,1,1,0,0,1,3,0,0,1,48,0,21,0,0,2,2,38,0,4,0,0,1,1,0,1
2020-06-13,13,0,3,3,2,6,0,8,0,-1,0,0,1,3,0,0,6,26,0,10,0,0,0,7,2,0,5,1,0,0,0,0,0
2020-06-14,11,0,3,1,0,4,0,13,1,0,0,0,0,1,1,1,1,16,0,-1,0,0,0,14,15,0,0,0,0,0,0,0,2
2020-06-15,12,0,0,1,1,2,0,-1,0,0,0,0,17,2,0,0,2,24,0,44,0,-1,0,4,25,0,3,0,0,1,5,0,0
2020-06-16,28,0,0,1,0,6,0,2,1,0,0,0,3,5,0,0,3,13,0,3,0,0,0,8,6,0,5,0,0,0,0,0,4
2020-06-17,19,0,2,0,0,3,0,17,0,0,0,0,0,6,0,0,0,19,0,39,0,2,0,9,11,0,4,0,0,0,0,0,1
2020-06-18,11,0,0,2,0,5,0,9,1,0,0,0,0,0,1,0,12,19,0,3,1,5,1,5,8,2,2,1,0,0,0,0,0
2020-06-19,14,0,3,6,0,4,0,7,0,0,0,0,3,3,0,0,3,22,0,7,0,7,0,6,17,0,4,0,0,0,0,0,1
2020-06-20,15,0,0,0,1,7,0,8,2,0,0,0,0,8,0,0,2,32,0,64,0,6,-1,10,8,0,5,0,0,0,2,0,1
2020-06-21,13,0,0,2,0,2,0,18,2,1,0,0,2,1,0,0,5,32,0,-1,0,0,0,3,10,0,3,0,1,0,0,0,0
2020-06-22,23,0,2,1,0,1,0,16,3,0,0,0,11,8,0,0,1,32,0,42,0,0,1,6,11,0,5,2,2,2,0,0,1
2020-06-23,20,0,-1,1,0,4,0,6,2,0,0,0,0,4,0,0,2,50,0,0,0,3,-1,4,41,0,1,0,0,0,2,0,0
2020-06-24,31,0,4,2,0,8,0,20,3,0,0,0,0,7,1,0,0,24,0,15,0,4,1,8,15,0,1,0,0,2,10,1,1
2020-06-25,58,0,2,4,0,2,0,46,2,0,0,0,1,3,1,0,6,36,0,2,0,3,1,8,18,0,3,2,1,0,2,0,1
2020-06-26,50,0,8,2,0,7,0,36,-1,0,0,0,-1,5,2,0,1,72,0,1,1,2,0,5,8,2,4,2,0,1,-1,1,2
2020-06-27,34,0,0,1,0,4,0,26,4,1,0,0,7,6,0,0,3,22,0,0,0,2,0,7,81,0,8,1,0,1,0,0,3
2020-06-28,43,0,4,4,0,6,0,27,3,0,0,0,0,6,0,1,5,27,0,14,0,0,2,3,35,1,10,0,0,1,1,0,4
2020-06-29,45,0,6,0,0,11,0,34,9,0,0,0,3,7,0,0,4,11,0,3,0,3,0,4,13,0,6,0,1,0,1,0,12
2020-06-30,34,0,5,1,0,10,0,20,2,0,0,0,0,19,0,0,2,28,0,6,0,2,2,8,17,0,3,-1,0,2,0,0,5
2020-07-01,35,0,1,0,0,2,0,8,2,1,0,0,0,2,0,0,1,20,0,3,0,3,0,3,38,0,3,1,0,1,0,1,4
2020-07-02,99,0,5,2,1,17,0,42,2,1,0,0,5,8,1,0,2,13,0,2,0,4,3,9,12,1,6,1,0,0,0,0,8
2020-07-03,54,0,5,7,0,4,0,40,8,1,0,0,0,5,1,0,11,42,0,11,0,1,6,13,22,0,7,0,0,3,11,0,4
2020-07-04,79,0,7,10,0,4,0,55,10,1,0,0,4,25,0,0,4,33,0,8,0,0,2,8,21,0,6,1,0,2,3,0,4
2020-07-05,61,0,8,2,-1,3,0,34,1,2,0,0,1,15,0,0,4,19,0,0,0,0,1,0,27,0,8,0,0,0,2,0,6
2020-07-06,60,0,7,8,0,6,0,83,1,0,0,0,1,17,1,1,3,12,0,4,1,4,1,8,18,0,8,0,1,1,0,0,5
2020-07-07,87,0,6,1,0,2,0,22,3,0,0,0,1,7,0,2,8,11,0,4,1,9,2,7,34,1,8,0,0,0,0,0,4
2020-07-08,99,0,14,1,0,6,0,52,9,3,0,0,1,12,2,0,1,23,0,7,1,5,0,17,18,0,10,0,0,2,-1,0,8
2020-07-09,99,0,4,1,0,20,0,21,6,2,0,0,2,7,2,0,0,19,0,3,3,4,2,9,16,0,9,0,0,0,0,0,5
2020-07-10,70,0,7,1,0,8,0,44,3,1,0,0,8,32,1,0,2,33,1,5,0,8,2,11,31,2,20,0,1,0,0,0,7
2020-07-11,80,1,2,2,0,12,0,28,13,2,0,0,0,7,3,0,7,14,1,2,2,1,0,8,28,0,6,0,1,1,0,0,3
2020-07-12,110,0,2,2,0,4,0,26,2,1,0,0,0,11,2,1,0,20,1,4,2,2,1,17,24,1,9,0,1,1,2,0,9
2020-07-13,58,0,17,2,0,11,0,83,4,2,0,0,2,5,0,0,6,23,0,2,0,0,0,9,20,1,4,2,2,4,0,0,6
2020-07-14,66,0,5,2,0,5,0,49,6,6,0,0,1,6,1,1,4,22,-1,4,1,1,2,6,11,1,11,0,-1,2,0,6,6
2020-07-15,162,0,2,3,1,4,0,35,4,3,0,0,0,8,4,0,1,10,0,2,2,7,2,14,24,0,28,1,0,2,0,0,8
2020-07-16,102,1,2,3,0,11,0,39,13,2,4,0,1,23,3,1,2,20,0,5,0,9,0,16,16,1,9,0,-1,4,0,0,11
2020-07-17,114,0,1,0,1,9,0,35,1,1,0,0,1,11,0,0,5,15,1,7,3,37,1,12,26,1,7,0,-1,4,0,0,26
2020-07-18,101,0,8,0,0,10,0,43,5,0,0,0,1,10,2,0,4,19,0,7,0,2,2,10,21,1,11,2,1,0,1,0,19
2020-07-19,96,0,0,3,0,1,0,29,8,2,0,0,0,35,2,0,1,11,0,2,0,4,3,14,5,1,10,1,1,0,1,0,5
2020-07-20,86,0,15,5,0,14,0,20,6,4,0,0,0,1,2,0,10,13,0,4,2,6,3,14,8,2,16,1,2,2,0,0,8
2020-07-21,59,0,11,4,0,11,0,49,9,2,2,0,2,32,3,2,10,16,0,7,2,46,0,9,19,0,3,0,0,0,0,0,4
2020-07-22,85,0,6,7,0,1,0,52,6,4,0,0,1,20,3,0,3,35,3,11,2,5,3,15,8,2,20,0,0,3,0,0,16
2020-07-23,126,0,6,5,0,7,0,26,5,4,1,0,3,36,3,0,7,26,0,8,0,5,6,15,21,-1,6,1,1,7,1,3,7
2020-07-24,96,0,17,5,0,10,0,42,6,1,0,0,1,14,17,0,8,24,0,11,0,6,3,11,11,1,12,0,0,1,0,5,10
2020-07-25,91,0,8,8,1,12,0,62,4,-1,1,0,0,27,4,0,2,28,0,16,2,4,4,11,9,1,8,3,0,1,0,0,7
2020-07-26,87,0,7,2,0,22,0,22,4,0,1,0,0,17,7,0,5,13,0,16,1,4,2,15,5,2,15,1,3,1,0,2,11
2020-07-27,61,0,3,178,1,16,0,74,4,0,0,0,0,23,0,1,7,12,0,12,0,5,7,9,11,0,13,0,0,2,4,0,6
2020-07-28,76,0,19,-10,0,15,0,18,8,2,2,0,0,25,4,0,18,13,0,6,0,1,5,14,20,1,14,1,0,1,2,1,14
2020-07-29,85,0,11,107,0,16,0,36,3,0,0,0,0,10,9,0,3,8,0,3,0,4,9,17,18,0,11,1,0,2,1,0,10
2020-07-30,61,0,17,12,0,5,0,21,3,1,0,0,0,17,3,1,2,35,0,3,0,7,3,14,22,1,15,0,2,2,0,1,4
2020-07-31,47,0,17,13,0,22,0,32,3,0,0,0,0,9,6,2,3,11,0,4,0,1,5,7,8,0,11,0,0,3,0,0,8
2020-08-01,65,0,14,2,0,6,0,7,5,1,0,0,3,21,2,0,2,11,0,1,0,1,1,12,5,0,15,1,0,2,0,2,3
2020-08-02,60,0,14,16,1,21,0,36,6,0,0,0,0,15,6,0,1,3,0,2,1,0,1,13,3,1,19,0,0,2,1,0,12
2020-08-03,19,0,5,7,0,3,0,26,5,1,0,0,0,15,4,0,9,2,0,4,1,2,1,1,1,0,2,1,0,1,0,0,4
2020-08-04,68,0,17,5,0,10,0,32,9,0,0,0,0,23,1,0,3,5,0,5,1,2,2,8,5,0,5,0,0,0,0,1,8
2020-08-05,42,0,11,9,1,13,0,43,2,2,0,0,0,28,3,0,2,16,0,2,0,8,8,7,9,0,8,1,0,3,0,0,8
2020-08-06,40,1,16,7,1,10,0,33,9,1,0,0,1,22,4,0,1,8,0,4,0,6,5,6,9,0,8,0,0,4,1,0,10
2020-08-07,30,0,8,24,1,17,0,50,6,0,0,0,0,11,1,0,0,4,0,3,0,1,3,9,11,0,8,0,-1,0,0,1,5
2020-08-08,30,0,16,8,1,8,0,19,9,0,0,0,1,11,7,1,6,6,0,2,0,3,1,0,3,1,11,1,1,2,0,0,2
2020-08-09,47,0,22,4,0,11,0,30,8,0,0,0,0,25,3,1,7,3,0,0,0,2,3,7,4,0,13,0,1,0,0,1,8
2020-08-10,25,0,5,3,0,6,0,19,5,0,0,0,0,22,0,1,0,11,0,2,0,0,2,4,3,1,4,0,1,1,0,0,14
2020-08-11,35,0,13,3,0,6,0,51,12,0,1,0,0,32,2,0,1,10,0,0,0,0,1,5,17,1,4,0,0,0,1,0,4
2020-08-12,30,0,10,0,0,5,0,37,18,0,0,0,0,33,0,1,-1,10,0,1,3,1,1,4,5,1,2,0,0,3,0,0,9
2020-08-13,38,0,19,3,0,6,0,18,14,1,0,0,0,13,14,0,1,10,0,0,4,4,1,3,3,0,12,0,0,0,1,0,5
2020-08-14,39,1,14,4,0,8,0,30,2,0,0,0,0,14,6,0,1,17,0,0,3,0,1,3,12,5,9,0,0,2,0,0,3
2020-08-15,15,0,9,3,0,8,0,16,12,0,0,0,0,13,1,0,1,16,0,3,3,4,5,6,9,2,5,2,0,1,1,0,7
2020-08-16,19,0,11,1,0,3,0,12,9,0,0,1,0,19,4,0,0,1,0,2,3,-1,0,0,9,0,9,0,0,0,0,0,4
2020-08-17,28,0,6,8,0,3,0,10,3,0,0,0,3,8,2,0,0,4,0,0,0,0,0,3,2,2,6,0,0,0,0,0,4
2020-08-18,18,-1,4,2,1,6,0,8,3,0,0,0,0,12,0,-1,0,6,0,2,1,1,1,1,2,0,10,0,0,1,0,0,2
2020-08-19,33,0,19,3,0,8,0,16,15,0,0,0,0,23,3,1,2,3,0,0,0,4,1,10,10,1,12,0,0,0,0,1,2
2020-08-20,58,0,14,6,0,8,0,21,3,3,0,0,0,26,1,0,4,7,0,1,7,5,8,4,7,2,13,2,0,-1,0,0,6
2020-08-21,28,0,12,1,0,2,0,14,11,1,0,0,0,19,1,0,1,7,0,1,2,7,3,5,8,3,12,0,1,0,0,0,5
2020-08-22,24,0,14,-8,0,15,0,-15,6,-2,2,0,0,7,0,0,-3,-29,0,-3,1,1,5,-5,-15,1,5,0,0,-1,0,-2,7
2020-08-23,75,0,15,8,0,2,0,32,3,2,-1,0,0,19,2,0,8,38,0,5,-1,1,-2,18,30,5,24,1,0,1,0,2,7
2020-08-24,18,0,3,1,0,2,0,10,9,0,0,0,0,9,0,0,4,2,0,1,0,2,0,5,3,0,3,0,0,1,0,0,2
2020-08-25,14,0,2,1,0,5,0,7,7,0,0,0,0,3,0,0,0,5,0,1,0,2,0,3,9,0,5,0,0,0,0,0,2
2020-08-26,35,0,20,3,0,5,0,19,24,0,-1,0,0,28,0,0,2,3,0,1,0,3,3,28,4,8,6,0,1,0,0,0,5
2020-08-27,53,0,16,0,0,5,0,20,9,2,0,0,4,8,2,1,32,3,0,0,0,1,1,4,5,2,15,0,0,0,0,0,5
2020-08-28,22,0,16,0,0,5,0,21,10,1,0,0,0,13,0,2,4,8,0,1,0,0,3,2,10,0,3,0,0,-1,0,0,2
2020-08-29,30,0,15,1,0,7,0,20,6,0,0,0,0,11,0,0,3,15,0,0,2,0,2,4,9,1,5,0,0,0,0,0,4
2020-08-30,22,0,28,0,0,4,0,6,4,0,0,0,0,18,2,0,1,2,0,0,0,5,1,6,1,0,4,0,0,0,0,0,1
2020-08-31,14,0,5,1,0,1,0,8,6,3,0,0,1,5,1,0,1,8,0,1,1,0,0,1,5,3,3,0,0,0,0,0,2
2020-09-01,29,0,4,0,0,3,0,32,8,1,0,0,0,1,2,0,0,10,0,4,-1,0,0,7,2,1,2,1,0,0,0,0,2
2020-09-02,23,3,23,0,1,5,0,33,13,1,0,0,0,19,0,0,0,10,0,2,0,1,3,1,5,1,5,0,1,1,0,0,1
2020-09-03,37,1,22,1,2,14,0,28,32,0,0,0,0,19,2,0,5,6,0,3,1,2,1,2,2,2,11,0,0,2,0,0,5
2020-09-04,16,0,11,0,1,9,0,13,8,0,0,0,0,8,0,0,0,1,0,0,1,0,1,2,5,1,10,0,0,0,0,0,3
2020-09-05,23,2,13,0,1,2,0,11,22,3,0,0,0,14,2,0,18,9,0,0,0,6,4,2,3,0,8,0,0,0,0,0,3
2020-09-06,10,0,15,-1,0,2,0,6,3,0,0,0,0,6,0,0,0,1,0,0,0,2,0,1,5,1,7,0,0,0,0,0,1
2020-09-07,11,0,1,0,0,-1,0,5,2,1,0,0,0,6,0,0,2,4,0,1,0,0,0,0,4,0,2,0,0,0,0,0,-1
2020-09-08,21,0,4,-1,-1,1,0,0,4,1,0,0,0,1,0,0,1,0,0,0,0,1,0,0,2,0,2,0,0,0,0,0,1
2020-09-09,6,0,16,0,0,6,0,17,4,1,0,0,0,7,0,1,3,6,0,1,1,0,4,4,3,0,3,0,0,1,0,0,1
2020-09-10,27,0,31,3,0,2,1,17,21,7,0,0,0,13,1,1,5,2,0,0,1,-1,5,5,4,2,11,0,0,3,0,0,0
2020-09-11,12,0,40,0,0,7,0,12,4,1,0,0,0,14,0,0,4,7,0,4,3,2,6,6,3,0,6,0,0,2,0,0,3
2020-09-12,14,0,11,2,0,0,1,19,6,0,0,0,0,8,1,0,4,5,1,7,0,2,4,4,3,0,5,0,0,0,0,0,1
2020-09-13,18,0,29,1,0,2,0,6,5,1,0,0,0,14,0,0,-1,2,0,0,0,1,1,8,0,2,5,1,0,0,1,0,2
2020-09-14,21,0,9,0,1,0,0,5,1,0,0,0,0,14,0,0,15,0,0,3,0,0,0,3,0,0,11,0,0,0,0,0,0
2020-09-15,16,0,9,0,1,3,-1,7,6,0,0,0,0,4,1,0,5,12,0,1,0,1,1,5,0,0,4,0,0,1,0,0,1
2020-09-16,14,0,10,1,0,2,0,9,14,0,1,0,0,20,0,0,0,2,0,0,0,3,15,3,10,0,10,0,4,3,0,0,0
2020-09-17,37,0,18,3,1,1,0,21,9,1,0,0,1,15,1,0,11,5,0,2,1,3,6,9,2,0,9,1,0,0,0,0,2
2020-09-18,28,-2,11,-3,1,7,0,17,16,9,1,0,0,17,1,2,7,5,0,2,1,1,6,2,3,2,7,1,0,1,0,0,8
2020-09-19,26,0,10,2,0,3,0,32,16,0,0,0,0,4,6,0,6,2,0,2,0,1,8,2,9,0,0,1,6,0,1,0,7
2020-09-20,8,0,14,0,0,0,0,12,8,-1,0,0,0,7,3,0,0,0,0,0,2,1,1,0,5,1,3,0,1,0,0,0,2
2020-09-21,20,0,12,-2,0,3,0,18,5,0,0,0,0,25,0,0,7,3,0,1,0,2,1,1,4,0,15,0,0,2,0,0,5
2020-09-22,21,0,4,2,0,1,0,18,14,2,0,0,0,8,0,0,1,5,0,-1,0,0,2,1,10,9,3,1,2,0,1,0,3
2020-09-23,23,0,22,7,2,15,0,34,22,2,0,0,0,18,7,1,2,4,0,4,1,0,5,5,4,0,1,1,6,2,0,0,9
2020-09-24,57,0,16,2,0,10,0,29,23,7,0,0,0,16,3,0,5,7,0,4,0,4,5,9,15,2,9,0,4,5,0,0,5
2020-09-25,54,0,34,0,1,10,0,58,27,1,0,0,0,17,9,1,2,5,0,6,0,1,1,10,12,-7,9,1,1,1,5,0,4
2020-09-26,41,0,34,7,0,8,0,39,10,0,0,0,0,12,3,0,1,1,0,5,0,4,1,4,14,2,14,1,1,2,1,0,0
2020-09-27,30,0,9,0,6,3,0,19,29,0,0,0,0,18,0,0,0,5,0,1,0,2,0,8,6,0,11,0,0,2,0,0,2
2020-09-28,47,0,5,-2,0,11,0,19,2,4,0,0,0,2,0,0,3,13,0,1,0,2,0,6,9,0,10,0,2,1,2,0,3
2020-09-29,48,0,28,3,0,17,0,25,13,0,0,0,0,6,1,0,0,3,0,4,0,1,0,10,5,0,7,0,1,1,0,0,1
2020-09-30,60,0,30,3,0,33,0,41,22,0,0,0,2,29,3,0,2,5,0,2,0,0,3,8,18,1,7,1,1,1,2,0,4
2020-10-01,53,0,39,5,0,3,0,48,14,4,0,-1,0,18,4,0,1,3,0,1,1,1,4,5,7,0,4,0,2,2,1,0,7
2020-10-02,97,0,32,12,3,27,0,45,16,1,0,0,0,26,1,0,14,7,0,5,0,2,1,16,9,0,17,1,1,0,3,0,3
2020-10-03,74,0,32,1,0,20,0,67,15,1,0,0,1,22,1,1,6,2,0,4,1,1,10,7,5,1,13,1,2,0,0,0,8
2020-10-04,47,0,21,1,0,7,0,46,5,1,0,0,0,11,2,1,0,0,0,0,0,0,4,2,8,1,19,0,3,0,0,0,1
2020-10-05,50,0,10,1,0,11,0,44,0,0,0,0,0,1,2,0,4,1,0,1,1,0,2,14,4,1,2,1,2,0,0,1,3
2020-10-06,137,0,12,0,0,11,0,35,23,1,0,0,0,19,1,1,2,11,0,4,0,0,4,6,19,1,10,0,1,0,3,0,14
2020-10-07,120,0,35,0,1,20,0,70,27,2,0,0,1,32,11,0,7,8,0,4,0,2,12,17,10,2,31,0,6,1,1,1,4
2020-10-08,101,0,25,5,0,65,0,56,14,2,2,0,1,10,7,0,6,9,0,5,0,4,5,13,10,4,20,4,2,2,0,5,7
2020-10-09,134,0,41,8,0,10,0,79,28,4,0,0,2,36,2,0,18,12,1,5,0,4,6,29,18,1,19,3,11,2,4,3,5
2020-10-10,164,0,38,6,0,43,0,72,15,3,0,0,0,11,4,1,8,9,1,19,2,2,10,27,11,3,10,7,2,1,1,0,11
2020-10-11,98,0,26,6,1,12,0,37,1,3,0,0,2,27,10,0,2,4,0,3,0,3,2,8,2,0,8,0,2,0,0,0,4
2020-10-12,126,0,18,0,0,13,0,81,21,0,1,0,0,14,0,0,15,11,0,9,0,3,-1,16,12,5,18,3,0,6,0,0,8
2020-10-13,118,0,10,5,0,24,0,51,6,1,0,0,0,19,2,0,2,9,0,4,1,3,6,21,9,3,41,0,3,1,2,0,10
2020-10-14,200,0,66,3,0,19,2,109,18,4,0,0,0,16,1,0,5,6,1,14,0,2,9,38,25,2,17,0,4,1,0,0,15
2020-10-15,302,0,37,5,0,19,-2,91,25,5,0,0,3,29,4,0,14,14,2,6,6,1,6,28,28,3,17,0,0,2,0,0,23
2020-10-16,177,0,23,8,0,76,0,165,36,3,0,0,0,55,16,0,30,5,1,54,0,4,8,42,29,4,38,6,7,1,0,1,23
2020-10-17,189,0,23,3,0,34,0,115,36,2,0,0,0,17,10,0,21,7,1,6,0,6,4,24,10,7,28,1,10,2,2,0,15
2020-10-18,149,0,27,6,0,9,0,67,12,3,0,0,0,26,3,1,32,6,0,4,0,5,3,31,8,4,28,1,5,1,0,0,14
2020-10-19,123,0,29,4,0,19,0,103,20,4,0,0,0,53,11,0,20,9,0,18,1,11,9,11,16,4,11,0,13,6,0,0,19
2020-10-20,152,0,25,9,0,45,0,137,21,1,0,0,1,18,2,2,17,16,0,30,6,3,3,18,30,3,32,1,5,1,0,1,15
2020-10-21,285,0,25,22,0,29,0,171,42,2,1,0,0,39,6,0,13,10,0,18,2,3,10,24,24,1,63,4,3,6,0,0,16
2020-10-22,182,0,30,12,1,30,0,98,46,1,1,0,0,38,21,0,24,7,0,9,0,4,16,53,21,1,17,9,6,1,1,0,33
2020-10-23,195,0,28,6,1,54,0,136,37,6,1,0,0,41,13,1,34,30,0,22,3,12,14,37,14,7,55,0,6,9,1,0,28
2020-10-24,250,0,47,16,1,20,0,123,20,5,1,0,1,51,8,1,41,32,0,58,1,4,6,42,31,3,48,7,9,10,3,0,33
2020-10-25,154,0,42,13,0,32,0,204,39,1,0,0,5,45,5,1,45,25,0,35,1,3,3,28,15,8,37,5,14,8,1,0,54
2020-10-26,168,0,38,1,0,45,0,193,25,2,0,0,0,19,7,1,59,20,0,12,1,5,8,17,22,1,42,3,2,15,0,0,17
2020-10-27,137,1,15,5,0,7,0,163,14,1,1,0,-1,8,4,0,95,11,0,16,0,5,3,32,23,0,19,5,3,0,0,0,16
2020-10-28,268,0,19,6,1,13,1,98,44,0,0,0,0,22,7,3,17,22,0,6,1,8,11,19,9,4,48,1,6,4,0,1,18
2020-10-29,259,0,31,36,0,28,0,247,24,4,1,0,5,67,4,1,106,25,1,16,2,12,6,40,17,7,52,6,11,17,1,1,51
2020-10-30,335,0,29,28,1,19,0,249,17,3,3,0,0,25,3,0,41,33,0,21,2,7,9,36,28,4,44,3,10,10,4,0,41
2020-10-31,185,0,39,14,0,18,0,125,9,3,1,0,2,6,6,1,17,22,0,7,0,10,3,30,17,1,32,8,4,6,0,0,15
2020-11-01,223,0,36,9,0,17,0,110,51,9,0,0,1,11,2,1,18,23,0,17,6,13,12,25,11,9,34,3,8,1,8,4,80
2020-11-02,243,0,11,18,0,53,1,220,9,3,1,0,2,16,3,0,21,47,0,14,1,6,20,34,30,4,62,7,8,10,7,0,21
2020-11-03,260,0,107,18,2,27,0,270,19,6,0,0,0,85,7,3,36,23,0,11,1,9,19,37,23,3,134,1,4,1,1,5,24
2020-11-04,265,0,50,44,1,24,-1,193,53,5,0,0,2,53,5,5,35,38,0,25,3,16,9,34,50,6,45,3,7,19,1,0,21
2020-11-05,201,0,60,28,0,45,1,135,42,3,2,0,0,30,2,2,51,26,1,10,0,14,12,37,27,5,65,6,7,13,2,1,31
2020-11-06,342,0,86,10,3,51,0,260,29,4,3,0,1,38,9,2,37,25,1,24,2,28,26,67,34,7,96,4,14,6,5,0,70
2020-11-07,323,0,122,8,4,36,1,204,40,5,1,0,0,56,6,1,25,77,0,51,5,14,17,70,71,5,64,7,2,21,3,1,37
2020-11-08,275,0,165,15,7,88,1,144,79,6,3,0,1,68,17,4,14,20,1,9,5,11,22,36,16,12,128,2,12,8,3,0,38
2020-11-09,458,0,57,18,2,51,3,200,54,9,2,0,2,75,17,3,36,36,0,56,6,10,10,93,52,7,90,3,6,20,4,0,28
2020-11-10,302,1,65,23,4,51,8,221,60,5,3,0,1,75,11,5,29,35,0,31,0,17,20,100,34,5,90,1,6,6,6,3,40
2020-11-11,415,1,108,44,5,39,3,342,42,2,3,0,2,55,13,1,13,69,1,14,2,19,9,60,56,6,93,3,17,19,7,0,24
2020-11-12,605,1,64,35,3,83,2,319,40,17,1,3,3,69,10,6,13,18,0,8,3,34,23,89,35,10,134,7,11,21,3,0,72
2020-11-13,316,1,108,23,2,39,1,219,28,8,3,0,3,43,7,2,27,13,0,14,0,13,13,84,41,9,132,4,6,13,4,2,52
2020-11-14,330,0,61,32,3,46,1,193,23,7,0,0,1,57,8,1,22,53,0,6,8,22,13,62,39,6,57,6,13,27,6,2,60
2020-11-15,255,0,50,51,-81,34,0,165,31,6,9,0,0,27,8,2,11,44,1,20,2,14,17,50,67,4,93,12,10,12,1,1,28
2020-11-16,372,1,88,15,91,41,1,204,47,12,0,0,5,40,5,0,14,52,0,46,3,18,10,57,40,6,92,4,12,11,10,3,39
2020-11-17,612,2,108,61,9,70,1,339,73,25,3,0,0,104,19,6,37,36,2,44,3,49,19,117,40,3,145,2,30,32,14,3,97
2020-11-18,992,5,191,51,10,88,2,438,46,19,52,0,0,123,15,5,34,74,3,50,5,48,16,180,45,10,196,9,11,36,2,0,137
2020-11-19,1116,3,111,91,9,85,0,500,67,18,4,0,6,156,28,5,54,209,4,65,8,82,25,268,146,24,277,9,26,52,5,80,131
2020-11-20,998,4,165,72,8,104,3,279,72,31,7,0,3,73,21,3,27,131,2,111,9,61,50,191,100,12,173,7,22,47,9,18,169
2020-11-21,639,3,118,58,3,85,2,290,72,17,2,0,1,113,31,4,51,212,1,25,15,27,20,149,128,7,120,10,16,16,21,1,85
2020-11-22,707,1,81,64,4,45,0,215,79,20,7,0,8,142,31,1,49,190,1,55,5,32,27,161,191,21,117,29,20,22,15,10,106
2020-11-23,739,0,63,94,11,100,0,202,37,6,5,1,4,30,12,3,16,168,0,14,11,31,24,123,148,7,218,10,12,20,8,10,125
2020-11-24,538,0,108,66,14,41,6,202,97,1,15,0,1,118,12,6,26,184,1,48,2,41,8,174,125,9,82,10,18,33,26,9,78
2020-11-25,572,1,122,22,11,36,0,222,34,6,8,0,4,98,22,2,18,116,0,28,6,37,21,131,116,2,112,5,9,28,2,2,62
2020-11-26,659,0,66,13,3,26,3,183,29,13,5,1,4,54,30,2,7,100,0,17,1,25,12,120,117,8,84,3,6,8,5,12,78
2020-11-27,741,0,86,58,21,46,1,117,55,4,0,0,2,91,8,5,25,98,1,8,1,27,6,168,121,8,140,28,16,31,11,2,130
2020-11-28,713,1,162,17,7,40,1,216,94,20,5,0,2,90,12,3,49,109,0,34,7,19,11,165,82,5,126,9,15,8,2,4,102
2020-11-29,347,1,135,36,11,33,1,166,19,15,18,0,2,67,14,10,11,88,0,30,4,40,8,102,82,7,89,13,10,14,16,5,41
2020-11-30,590,0,102,7,20,35,0,131,39,10,6,0,1,65,3,4,10,85,0,19,17,18,15,126,133,6,106,0,7,25,6,3,89
2020-12-01,894,1,77,40,15,51,0,198,38,4,13,0,1,105,9,9,20,97,1,76,7,39,20,178,105,19,182,1,17,10,7,-2,92
2020-12-02,447,0,130,24,21,32,4,113,70,10,4,0,2,98,4,3,4,69,2,20,3,23,26,84,141,5,77,14,5,2,6,22,79
2020-12-03,582,1,79,17,13,36,1,298,47,11,9,0,1,68,37,4,10,88,3,48,6,18,22,110,120,16,96,8,9,20,2,4,126
2020-12-04,751,3,99,39,24,48,4,233,45,6,16,0,1,102,15,8,31,75,1,28,4,37,18,118,83,10,95,6,20,20,17,10,95
2020-12-05,500,5,142,11,5,34,3,183,54,11,3,0,0,135,10,6,28,124,9,46,2,30,15,108,166,18,125,36,10,16,22,6,58
2020-12-06,381,2,69,37,25,26,11,89,37,3,22,0,2,33,17,2,12,49,2,12,13,21,11,53,122,14,66,9,14,13,9,0,56
2020-12-07,629,1,87,41,46,22,1,187,33,15,7,0,3,93,8,6,19,121,0,33,2,51,8,134,119,10,65,4,4,16,4,1,89
2020-12-08,394,1,40,20,17,25,0,102,43,11,3,1,2,53,7,4,8,125,2,35,1,17,4,93,97,12,73,4,2,4,5,2,37
2020-12-09,601,1,49,25,10,28,1,119,34,10,10,0,6,58,9,1,12,111,5,30,2,53,9,102,208,14,126,4,25,9,1,17,69
2020-12-10,618,0,50,13,4,23,0,112,74,9,15,0,1,67,10,5,18,141,2,25,5,64,7,125,179,11,73,3,15,14,2,16,80
2020-12-11,556,0,90,19,5,53,1,98,72,24,3,0,3,120,8,2,25,89,0,35,8,15,28,125,206,11,85,4,11,11,6,12,109
2020-12-12,565,0,54,19,23,27,0,98,30,7,7,0,0,204,11,10,8,96,4,34,5,39,14,135,178,20,93,10,6,10,7,1,78
2020-12-13,447,0,83,14,17,29,0,83,43,9,1,0,0,113,7,4,12,86,0,26,5,27,5,63,149,15,61,9,16,8,6,0,62
2020-12-14,455,0,69,23,38,16,3,140,80,6,65,0,2,68,6,5,8,69,4,14,1,39,8,87,116,23,82,7,14,4,1,5,83
2020-12-15,440,0,52,7,3,18,1,73,70,10,6,0,1,123,2,1,3,73,2,20,1,18,24,99,75,10,37,1,6,7,0,4,42
2020-12-16,564,2,84,14,15,20,2,92,68,27,42,0,4,117,6,3,11,109,1,18,2,50,58,105,151,22,98,9,15,14,3,5,98
2020-12-17,529,0,28,14,30,31,2,137,38,29,33,0,1,77,4,5,9,95,1,28,2,75,29,156,89,10,77,4,9,13,7,3,123
2020-12-18,415,0,44,25,17,28,1,135,59,25,12,0,1,53,8,9,12,111,1,16,1,32,20,119,131,17,68,5,20,8,6,4,52
2020-12-19,446,2,64,1,14,24,3,87,53,23,8,0,1,46,8,3,15,108,6,24,2,25,27,89,174,10,66,6,27,16,6,1,33
2020-12-20,274,0,26,18,21,12,0,116,45,10,5,0,1,49,4,5,12,80,1,9,2,20,7,66,160,16,47,3,2,19,2,5,38
2020-12-21,289,0,27,16,0,10,0,74,19,10,0,0,0,38,3,3,8,41,2,11,1,10,17,50,96,17,39,0,2,3,1,1,27
2020-12-22,298,0,54,56,1,19,1,141,69,6,3,1,0,101,7,2,0,102,0,23,2,25,8,82,170,6,28,0,5,10,5,0,42
2020-12-23,333,0,36,8,5,15,0,140,44,13,6,0,5,65,6,3,19,62,15,5,0,21,17,73,102,39,49,9,12,5,12,1,47
2020-12-24,484,0,293,78,8,28,0,259,92,13,5,0,1,67,10,6,19,72,5,30,1,39,14,102,133,14,58,3,18,10,6,0,56
2020-12-25,424,0,106,19,36,35,-1,145,31,13,0,0,0,34,3,6,14,66,4,13,2,38,21,97,167,18,69,7,4,13,11,3,58
2020-12-26,124,0,34,3,0,8,1,70,49,5,0,0,2,44,4,3,8,34,1,13,2,5,15,30,78,4,16,2,6,10,0,2,32
2020-12-27,238,0,30,16,4,45,3,56,44,2,1,0,2,47,6,1,2,28,2,3,2,19,16,46,41,5,46,2,5,3,3,2,21
2020-12-28,227,0,21,9,0,8,0,45,7,12,0,0,0,45,2,3,6,47,2,8,0,15,6,46,107,4,52,1,4,0,1,0,13
2020-12-29,349,0,39,12,2,28,6,131,76,12,2,0,1,117,4,3,7,117,0,17,0,30,12,72,105,3,66,5,4,4,3,0,22
2020-12-30,335,0,75,6,2,30,0,155,45,24,2,0,4,73,4,2,21,100,2,12,0,12,19,77,141,21,79,4,19,6,1,2,38
2020-12-31,435,0,76,34,11,40,5,118,44,25,7,0,6,118,20,11,28,94,6,36,1,53,3,121,196,12,72,8,5,13,1,0,79
2021-01-01,313,3,55,28,10,56,0,160,42,17,4,0,2,26,3,2,5,74,2,6,0,29,24,108,153,15,59,4,5,2,8,0,30
2021-01-02,264,1,48,18,3,30,1,110,104,20,4,0,1,48,18,12,25,74,1,10,6,35,6,69,174,16,50,22,4,20,6,-1,34
2021-01-03,345,0,30,3,2,17,1,124,54,20,1,0,12,60,17,1,10,42,0,10,2,22,19,75,69,2,25,18,0,4,7,2,16
2021-01-04,282,0,37,19,12,33,3,123,44,3,0,0,-1,72,3,0,4,34,1,18,0,8,8,46,69,9,63,5,2,4,5,1,23
2021-01-05,478,0,48,18,2,15,1,114,25,10,0,0,0,58,7,2,7,93,0,26,5,17,0,71,104,10,31,1,2,6,3,2,28
2021-01-06,439,1,76,14,6,13,0,162,14,23,6,0,4,55,2,15,5,82,1,27,1,92,1,95,153,6,105,1,9,15,4,0,58
2021-01-07,453,1,75,28,7,35,1,117,131,33,1,0,7,47,19,11,23,69,0,50,2,73,25,141,231,12,131,11,4,13,5,5,62
2021-01-08,425,1,76,33,30,53,5,202,57,20,4,0,5,56,19,7,19,99,5,20,8,26,13,95,181,15,82,6,13,12,4,1,57
2021-01-09,370,2,60,22,6,22,0,164,72,20,3,0,2,87,15,6,16,93,2,44,6,48,11,91,116,16,109,17,8,19,2,2,47
2021-01-10,265,0,58,21,3,25,3,152,97,24,3,0,4,67,10,6,26,61,0,30,1,42,15,81,98,7,64,0,1,15,6,0,18
2021-01-11,256,0,19,22,5,33,0,104,34,13,2,0,2,19,20,2,21,41,1,40,3,19,15,54,73,6,66,0,7,12,0,1,40
2021-01-12,225,2,36,18,3,21,2,104,39,8,1,0,0,29,5,2,6,62,0,10,1,31,12,89,88,6,37,11,2,3,3,2,29
2021-01-13,350,1,17,8,7,8,1,124,45,11,6,0,0,15,4,2,28,69,1,20,5,44,3,79,101,21,74,1,6,0,5,1,32
2021-01-14,341,1,73,21,3,39,1,162,63,19,2,0,1,97,8,9,28,62,5,56,0,63,16,88,155,9,76,8,11,24,8,0,31
2021-01-15,289,0,77,7,6,46,2,188,68,14,2,0,1,68,44,17,20,49,1,32,4,31,7,58,90,16,61,8,2,15,6,2,31
2021-01-16,276,0,50,22,5,20,2,172,51,13,1,0,1,28,15,11,18,70,0,35,3,19,4,75,70,6,67,2,5,16,3,1,27
2021-01-17,170,2,39,6,8,18,0,106,21,13,2,0,6,30,4,4,12,36,0,16,2,23,13,47,67,15,47,0,4,10,2,0,21
2021-01-18,159,0,17,4,1,30,0,48,23,6,1,0,1,20,28,0,14,45,0,17,0,22,2,41,62,7,35,3,3,12,3,0,22
2021-01-19,255,0,22,5,-1,19,1,85,22,10,1,0,0,8,5,0,21,31,0,18,1,8,8,55,34,3,29,3,9,1,1,1,34
2021-01-20,212,0,31,8,1,13,1,143,53,5,1,0,0,12,22,8,27,16,1,14,2,52,10,42,82,10,55,0,5,15,3,0,37
2021-01-21,230,0,59,14,5,27,1,122,49,6,1,0,5,33,19,5,34,92,0,29,3,21,5,51,80,7,52,2,6,9,1,0,22
2021-01-22,205,0,22,13,6,15,0,133,40,9,0,0,1,28,14,12,52,60,0,22,3,22,7,50,63,8,66,3,13,9,5,1,26
2021-01-23,177,0,30,15,0,22,-1,72,49,13,0,0,13,30,14,2,16,52,1,32,3,39,3,46,83,6,80,1,8,13,4,0,21
2021-01-24,140,0,21,4,5,12,0,70,34,4,2,0,1,12,22,4,32,24,0,18,2,19,5,23,54,8,66,1,3,11,3,0,30
2021-01-25,143,0,14,8,0,14,0,68,11,4,3,0,0,26,1,1,8,45,0,14,0,0,5,23,49,5,20,0,5,10,2,0,12
2021-01-26,150,1,29,10,2,11,2,82,38,2,0,0,1,14,10,0,16,33,0,20,0,15,1,36,52,8,38,7,4,4,2,0,12
2021-01-27,157,0,47,8,6,8,0,122,50,5,1,0,2,31,18,8,29,32,1,14,0,27,2,36,42,14,60,0,5,2,2,0,22
2021-01-28,187,0,24,4,0,13,1,62,23,7,3,0,0,29,11,6,9,57,0,30,1,26,8,27,59,4,52,0,5,8,1,0,15
2021-01-29,475,0,27,1,4,16,1,104,38,14,1,0,3,48,7,5,14,42,1,17,1,12,3,76,60,12,50,0,4,4,10,0,29
2021-01-30,254,0,27,10,1,15,0,64,32,8,0,0,0,20,10,0,7,54,2,23,1,17,5,69,40,3,30,2,9,10,4,1,23
2021-01-31,131,0,19,11,0,6,0,56,13,9,5,0,5,25,9,4,20,28,0,9,0,21,4,33,51,4,36,0,6,3,2,0,12
2021-02-01,188,0,6,6,2,4,0,42,15,5,0,0,4,11,3,0,5,31,1,16,0,6,2,50,37,0,37,3,4,1,0,0,9
2021-02-02,118,0,3,0,0,3,2,50,12,4,0,0,0,39,1,1,5,27,0,12,2,12,7,35,30,3,30,0,4,0,0,2,31
2021-02-03,161,0,38,7,7,7,0,95,45,8,3,0,2,19,7,3,12,52,1,20,0,10,5,39,47,4,29,0,17,0,6,0,26
2021-02-04,154,0,18,15,2,6,1,94,26,11,1,0,3,21,2,4,19,24,1,19,1,15,5,28,25,4,29,0,4,9,3,0,15
2021-02-05,170,2,24,7,1,11,1,83,26,10,0,0,0,28,2,4,6,26,0,13,0,11,7,54,31,0,36,0,6,4,3,0,16
2021-02-06,124,0,16,16,1,2,0,56,15,11,0,0,1,5,1,0,7,26,0,9,2,10,4,34,24,4,22,3,4,0,0,0,17
2021-02-07,98,0,7,5,0,7,0,50,6,19,0,0,1,15,7,-1,8,22,0,24,0,3,3,15,24,2,12,0,2,1,1,0,11
2021-02-08,120,0,3,0,0,7,0,40,12,3,0,0,0,9,4,0,5,11,0,20,5,13,1,24,13,1,7,0,4,4,2,0,10
2021-02-09,156,0,7,2,0,4,0,57,8,8,0,0,0,2,2,0,5,16,0,7,1,17,5,42,23,3,28,0,3,2,1,0,14
2021-02-10,124,0,14,13,7,8,0,111,20,25,0,0,0,12,3,1,5,13,0,21,0,6,8,26,29,14,25,0,8,1,0,0,16
2021-02-11,107,0,101,11,1,18,0,71,16,7,0,0,0,35,1,-1,3,18,0,24,3,8,2,35,23,6,9,1,7,1,1,0,25
2021-02-12,123,0,11,5,1,6,0,79,9,12,0,0,1,8,7,4,7,19,0,8,1,7,2,38,18,4,19,2,2,1,1,0,6
2021-02-13,246,3,25,8,3,10,1,40,16,5,0,0,3,6,3,1,4,31,1,30,0,14,3,41,22,8,16,0,4,4,3,0,14
2021-02-14,66,3,8,5,0,2,0,63,10,6,0,0,1,1,9,2,6,22,0,6,0,1,0,11,22,4,9,1,1,6,4,0,12
2021-02-15,66,2,3,5,1,2,0,20,14,8,0,0,3,4,0,1,2,15,0,4,0,2,0,11,19,3,0,0,2,1,1,1,1
2021-02-16,70,1,6,20,1,7,0,52,10,6,1,0,2,10,1,1,10,6,0,6,0,12,5,32,12,4,8,0,0,1,1,0,15
2021-02-17,116,0,3,4,1,3,0,49,3,3,1,0,0,4,1,0,0,6,0,7,1,6,0,21,21,1,10,0,3,1,2,0,4
2021-02-18,126,0,5,14,2,2,0,96,11,4,0,0,2,23,3,0,5,18,1,19,1,2,0,24,11,5,19,1,1,4,1,1,6
2021-02-19,87,1,13,-1,0,2,0,62,11,7,6,0,0,7,10,1,3,19,1,18,0,3,4,13,9,6,21,2,2,0,0,0,4
2021-02-20,94,-1,11,6,0,21,0,71,6,5,1,0,0,4,1,4,5,37,1,30,0,6,2,23,43,2,14,4,7,1,2,4,14
2021-02-21,96,0,13,1,0,3,0,45,24,1,0,0,2,6,4,0,10,10,0,19,1,2,1,23,11,4,3,-1,2,1,0,4,22
2021-02-22,79,1,3,4,1,5,0,47,7,1,0,0,1,22,1,1,4,4,0,9,0,2,1,15,11,1,8,0,0,3,1,1,15
2021-02-23,112,0,2,3,3,8,0,48,2,4,1,0,0,14,4,1,6,4,0,16,2,4,1,23,14,3,10,0,0,4,0,13,10
2021-02-24,104,0,19,9,3,4,1,68,100,2,0,0,1,9,7,1,4,4,7,17,0,8,4,14,11,4,14,13,4,6,1,1,6
2021-02-25,84,0,10,2,1,3,0,52,12,12,3,0,0,15,5,1,0,10,0,21,0,3,1,13,12,1,14,0,0,10,2,0,12
2021-02-26,208,0,8,1,8,3,0,57,25,8,3,0,1,204,4,3,6,14,0,16,1,9,0,26,10,2,17,-1,1,9,2,0,11
2021-02-27,13,0,12,7,-10,11,0,31,12,6,3,0,2,3,2,2,1,18,0,12,0,1,0,0,0,3,6,0,2,1,2,0,7
2021-02-28,94,0,5,0,3,5,0,40,5,4,3,0,0,1,5,0,5,3,0,16,1,4,2,2,11,0,7,1,3,6,5,0,12
2021-03-01,54,0,-1,9,1,3,0,37,5,4,0,0,0,13,0,0,4,2,0,5,0,3,1,10,8,2,2,1,1,1,1,0,5
2021-03-02,100,0,7,1,0,4,0,35,8,3,1,0,0,5,1,1,0,8,0,16,0,2,0,18,12,3,9,1,2,0,1,0,7
2021-03-03,101,0,13,9,0,7,0,54,16,6,0,0,1,42,6,0,10,6,0,7,0,10,1,22,8,1,12,3,1,6,2,0,12
2021-03-04,80,0,7,3,1,6,0,39,13,3,1,0,0,10,2,2,2,6,1,16,0,-1,0,23,5,3,10,-1,1,9,4,1,12
2021-03-05,102,0,7,3,5,2,0,57,13,6,1,0,0,8,2,0,4,6,0,18,0,1,1,23,8,3,15,1,0,2,4,0,12
2021-03-06,71,0,4,5,0,2,0,34,10,2,0,0,0,53,0,1,2,5,0,17,1,2,1,22,11,5,12,1,0,3,2,0,16
2021-03-07,0,0,0,0,0,0,0,0,0,0,0,0,0,0,0,0,0,0,0,0,0,0,0,0,0,0,0,0,0,0,0,0,0
2021-03-08,113,0,4,5,2,8,0,51,9,4,0,0,0,6,3,0,4,6,0,16,0,4,1,27,8,1,6,0,2,6,2,0,10
2021-03-09,80,0,0,0,0,6,0,37,6,3,0,0,0,-2,2,0,2,6,0,12,0,5,-1,12,3,2,12,0,0,1,0,3,9
2021-03-10,92,0,6,3,0,4,0,39,5,9,1,0,0,1,2,0,8,4,2,20,3,2,3,6,2,7,17,0,0,3,0,4,6
2021-03-11,76,0,3,5,0,5,0,36,7,11,0,0,0,16,3,1,3,6,1,9,1,6,0,4,18,2,14,0,0,3,0,0,3
2021-03-12,93,0,2,8,2,1,1,38,4,10,0,0,0,2,7,1,0,2,1,22,0,1,0,17,7,10,11,0,3,11,2,0,8
2021-03-13,65,0,5,4,1,3,0,28,5,6,0,0,0,2,0,1,2,0,0,11,0,3,2,9,4,6,4,2,0,7,0,0,8
2021-03-14,39,0,8,1,2,3,0,29,6,5,0,0,0,6,0,0,4,0,0,5,0,-1,1,11,3,4,7,0,0,2,0,0,8
2021-03-15,60,-1,2,3,1,4,0,30,4,7,0,0,0,9,3,1,8,2,1,12,0,0,3,19,0,0,4,1,2,3,1,0,4
2021-03-16,64,0,0,2,0,2,0,31,8,5,0,0,0,1,0,0,17,3,1,3,0,2,1,15,2,5,5,0,0,2,1,0,6
2021-03-17,52,0,10,1,0,5,0,77,14,2,0,0,0,3,2,2,5,3,0,10,0,2,1,20,2,10,6,0,0,-1,1,0,16
2021-03-18,85,0,2,10,0,3,0,43,10,5,0,0,0,7,0,1,1,0,0,14,0,2,0,21,2,7,12,0,0,1,1,0,24
2021-03-19,77,0,1,1,0,0,0,42,4,5,0,0,1,5,-1,0,6,2,0,11,0,-1,0,29,8,4,15,0,0,0,5,0,2
2021-03-20,67,0,0,0,1,5,0,36,3,1,1,0,0,1,1,1,5,6,0,11,0,0,2,14,7,6,10,0,1,2,0,0,5
2021-03-21,53,1,2,1,1,16,0,20,7,1,0,1,0,14,0,0,1,2,0,11,0,0,2,17,2,1,7,1,-1,3,1,0,7
2021-03-22,66,0,1,0,0,1,0,25,4,0,0,0,0,22,1,0,11,1,0,4,0,-2,1,12,5,1,3,2,0,0,1,0,3
2021-03-23,74,0,1,1,0,1,0,19,8,0,1,0,0,1,0,1,7,3,0,5,1,4,0,17,9,0,6,3,1,0,1,0,7
2021-03-24,45,0,0,0,0,7,0,59,9,4,2,0,1,3,1,0,8,4,0,7,0,3,5,22,6,1,7,0,3,4,0,0,10
2021-03-25,85,0,5,0,0,7,0,25,8,1,2,0,0,1,3,0,6,7,0,0,0,5,0,26,7,0,10,-1,2,2,1,0,14
2021-03-26,67,0,7,2,1,4,0,35,4,8,1,0,0,-1,4,1,6,6,0,15,1,4,0,13,22,1,20,-2,1,-1,0,0,6
2021-03-27,57,0,4,1,1,1,0,22,0,6,2,0,0,7,1,0,3,6,0,5,0,7,0,12,19,0,0,0,0,2,0,0,14
2021-03-28,49,0,4,1,1,3,0,18,8,4,2,0,0,5,0,0,2,2,0,12,0,1,0,11,11,0,9,0,2,2,2,0,9
2021-03-29,50,0,2,2,1,2,0,53,1,0,0,0,1,3,0,3,3,2,0,4,0,0,0,25,10,1,11,0,0,3,4,0,4
2021-03-30,57,1,3,2,0,0,0,38,6,0,1,0,0,0,0,0,0,1,0,3,0,1,1,25,3,0,2,0,2,0,0,0,2
2021-03-31,124,0,8,0,0,2,1,23,3,5,0,0,0,9,4,2,3,0,0,6,1,1,2,41,12,1,16,0,0,2,2,1,6
2021-04-01,110,0,3,1,0,5,0,51,4,4,0,0,2,4,1,0,7,0,0,20,0,8,1,21,19,0,12,0,0,5,1,0,15
2021-04-02,70,0,6,2,2,1,0,27,5,10,0,0,0,10,1,0,-1,-1,0,11,0,-1,3,23,9,3,7,2,1,0,1,0,15
2021-04-03,0,0,0,0,0,0,0,0,0,0,0,0,0,0,0,0,0,0,0,0,0,0,0,0,0,0,0,0,0,0,0,0,0
2021-04-04,0,0,0,0,0,0,0,0,0,0,0,0,0,0,0,0,0,0,0,0,0,0,0,0,0,0,0,0,0,0,0,0,0
2021-04-05,159,0,6,6,0,4,0,68,4,3,0,0,0,21,3,2,7,4,1,18,-1,9,0,31,58,-1,17,0,1,3,1,0,18
2021-04-06,80,0,3,3,0,3,0,25,5,3,-1,0,0,3,1,0,1,2,0,5,0,5,0,13,8,2,6,2,1,0,1,1,7
2021-04-07,56,1,4,3,4,0,0,37,6,7,0,0,0,4,2,2,5,7,0,7,0,1,4,28,17,3,6,0,0,2,0,0,10
2021-04-08,95,0,2,7,-1,0,2,42,13,5,0,0,0,0,2,0,2,2,0,11,0,3,1,13,26,1,9,2,3,1,1,0,16
2021-04-09,58,0,1,1,1,0,0,12,0,4,0,0,0,3,0,0,1,0,0,3,1,4,0,14,6,1,6,1,1,1,0,0,2
2021-04-10,0,0,0,0,0,0,0,0,0,0,0,0,0,0,0,0,0,0,0,0,0,0,0,0,0,0,0,0,0,0,0,0,0
2021-04-11,0,0,0,0,0,0,0,0,0,0,0,0,0,0,0,0,0,0,0,0,0,0,0,0,0,0,0,0,0,0,0,0,0
2021-04-12,217,2,19,9,2,4,0,82,6,5,0,0,2,12,3,1,8,8,0,9,0,24,0,66,75,5,17,1,3,6,0,0,33
2021-04-13,93,0,-3,0,0,1,0,13,1,4,0,0,0,3,0,0,1,8,0,0,0,3,0,21,13,0,4,2,3,1,1,0,8
2021-04-14,73,0,0,4,2,1,0,20,5,4,0,0,0,1,3,2,0,2,0,2,0,7,2,15,25,0,15,2,21,5,1,0,2
2021-04-15,64,1,16,1,3,0,0,39,2,1,0,0,2,2,2,0,2,5,0,10,0,3,0,19,33,1,9,0,5,1,1,0,5
2021-04-16,96,0,9,1,0,5,0,29,13,1,0,1,0,4,0,0,3,8,0,11,2,2,-1,15,22,4,12,0,5,6,0,0,15
2021-04-17,0,0,0,0,0,0,0,0,0,0,0,0,0,0,0,0,0,0,0,0,0,0,0,0,0,0,0,0,0,0,0,0,0
2021-04-18,0,0,0,0,0,0,0,0,0,0,0,0,0,0,0,0,0,0,0,0,0,0,0,0,0,0,0,0,0,0,0,0,0
2021-04-19,189,1,29,2,8,12,1,77,19,4,0,0,0,3,14,3,5,7,0,15,3,7,1,47,85,4,21,5,9,4,6,1,28
2021-04-20,55,0,3,0,0,-1,0,13,-3,4,0,0,0,0,0,0,1,3,0,1,2,4,-1,17,18,1,14,1,2,0,0,0,3
2021-04-21,61,0,2,2,2,1,0,13,5,3,0,0,0,0,2,0,1,5,0,1,4,2,1,13,32,0,16,0,0,0,2,0,0
2021-04-22,80,1,12,0,0,9,1,16,4,1,0,0,0,-1,8,1,1,2,0,7,0,3,0,11,32,0,10,0,2,2,3,0,2
2021-04-23,54,0,3,1,0,4,0,46,10,0,0,0,0,1,4,2,8,5,0,6,2,2,1,18,36,1,12,5,0,0,1,0,9
2021-04-24,0,0,0,0,0,0,0,0,0,0,0,0,0,0,0,0,0,0,0,0,0,0,0,0,0,0,0,0,0,0,0,0,0
2021-04-25,0,0,0,0,0,0,0,0,0,0,0,0,0,0,0,0,0,0,0,0,0,0,0,0,0,0,0,0,0,0,0,0,0
2021-04-26,220,0,30,5,1,12,1,56,17,5,0,0,0,-2,8,2,13,8,0,10,1,12,5,40,110,1,22,7,4,3,8,3,21
2021-04-27,70,0,-1,1,0,2,0,0,6,2,1,0,0,3,0,0,1,2,0,5,3,0,3,3,31,1,8,4,2,1,2,0,5
2021-04-28,85,0,6,1,1,0,1,29,3,2,0,0,1,1,4,2,2,9,0,5,1,5,3,15,24,-1,9,2,1,0,2,0,7
2021-04-29,61,2,15,-3,2,6,2,22,3,2,0,0,0,3,10,0,7,-1,1,8,2,4,3,13,51,1,5,0,2,2,1,0,4
2021-04-30,127,0,10,0,1,3,4,23,7,4,1,0,1,1,4,0,1,5,0,10,4,5,2,14,39,0,6,0,-1,0,6,0,9
2021-05-01,0,0,0,0,0,0,0,0,0,0,0,0,0,0,0,0,0,0,0,0,0,0,0,0,0,0,0,0,0,0,0,0,0
2021-05-02,0,0,0,0,0,0,0,0,0,0,0,0,0,0,0,0,0,0,0,0,0,0,0,0,0,0,0,0,0,0,0,0,0
2021-05-03,222,0,11,1,4,7,0,45,16,5,2,0,0,-3,7,1,8,7,0,38,7,9,27,36,111,4,30,3,1,3,0,0,37
2021-05-04,90,0,1,0,0,15,0,9,3,1,0,0,0,2,2,0,-2,6,0,3,6,4,7,0,38,0,9,1,0,-1,8,-2,4
2021-05-05,63,0,1,0,1,5,0,11,3,2,1,0,0,1,2,0,3,0,0,15,6,1,1,12,40,1,20,3,1,0,9,0,3
2021-05-06,78,0,4,3,1,11,0,23,2,0,0,0,0,0,6,5,1,7,0,15,9,4,8,12,47,2,22,1,1,1,1,0,9
2021-05-07,75,0,6,1,1,7,2,19,7,2,8,0,0,4,4,0,6,8,0,5,5,3,8,10,55,2,17,3,0,3,7,0,11
2021-05-08,0,0,0,0,0,0,0,0,0,0,0,0,0,0,0,0,0,0,0,0,0,0,0,0,0,0,0,0,0,0,0,0,0
2021-05-09,0,0,0,0,0,0,0,0,0,0,0,0,0,0,0,0,0,0,0,0,0,0,0,0,0,0,0,0,0,0,0,0,0
2021-05-10,155,1,18,3,1,23,7,32,4,2,2,0,0,7,13,1,7,14,0,24,6,4,5,29,155,1,25,3,1,5,4,0,16
2021-05-11,56,0,1,4,2,6,0,-2,0,-1,12,0,0,2,1,0,0,3,0,7,4,-4,4,7,13,0,14,0,0,0,2,0,5
2021-05-12,67,0,2,1,3,2,3,18,7,1,1,0,0,1,3,0,6,9,0,2,9,-3,3,5,29,0,13,3,2,1,0,0,7
2021-05-13,71,0,6,2,0,10,0,2,1,2,1,0,0,0,2,0,0,4,0,8,1,-4,4,8,32,1,15,2,1,1,18,0,12
2021-05-14,72,0,4,4,0,8,0,16,1,-1,0,0,1,1,3,1,5,8,0,12,1,4,2,6,36,0,17,2,1,2,5,-1,8
2021-05-15,0,0,0,0,0,0,0,0,0,0,0,0,0,0,0,0,0,0,0,0,0,0,0,0,0,0,0,0,0,0,0,0,0
2021-05-16,0,0,0,0,0,0,0,0,0,0,0,0,0,0,0,0,0,0,0,0,0,0,0,0,0,0,0,0,0,0,0,0,0
2021-05-17,142,0,10,2,1,23,8,20,7,6,4,0,1,6,10,1,8,15,0,29,3,10,14,25,100,2,53,3,0,2,18,3,10
2021-05-18,42,0,0,1,0,4,1,-8,1,0,0,0,0,4,5,0,1,7,1,16,4,2,4,12,30,0,15,3,1,0,1,0,3
2021-05-19,48,1,7,1,6,1,0,8,3,2,0,1,0,1,0,1,1,4,0,8,0,0,4,6,12,0,26,1,0,2,2,0,7
2021-05-20,57,0,1,3,1,9,2,-2,2,0,3,0,0,10,7,0,1,2,0,27,1,6,7,12,34,0,13,1,0,2,1,0,6
2021-05-21,41,0,4,2,0,4,1,12,4,0,4,0,0,0,1,1,1,1,0,9,3,4,0,11,37,4,22,1,0,0,1,0,5
2021-05-22,0,0,0,0,0,0,0,0,0,0,0,0,0,0,0,0,0,0,0,0,0,0,0,0,0,0,0,0,0,0,0,0,0
2021-05-23,0,0,0,0,0,0,0,0,0,0,0,0,0,0,0,0,0,0,0,0,0,0,0,0,0,0,0,0,0,0,0,0,0
2021-05-24,82,1,5,3,6,4,1,28,6,0,2,1,0,1,7,0,1,8,0,28,0,8,1,35,61,2,32,0,1,8,8,4,9
2021-05-25,38,0,0,0,0,0,1,5,2,1,3,0,0,3,1,0,0,0,0,5,1,2,6,10,15,5,-2,0,0,1,81,0,6
2021-05-26,41,0,6,0,2,1,0,22,0,0,1,0,0,0,0,0,1,1,0,5,0,12,5,2,19,0,2,0,0,1,39,0,8
2021-05-27,38,0,6,1,1,1,0,10,4,2,1,0,0,2,4,0,0,0,0,5,0,9,2,2,27,0,-2,2,0,1,8,0,4
2021-05-28,31,0,3,0,1,2,0,10,2,0,8,0,0,0,0,0,0,4,0,4,1,9,1,9,21,2,3,0,3,-1,3,0,4
2021-05-29,0,0,0,0,0,0,0,0,0,0,0,0,0,0,0,0,0,0,0,0,0,0,0,0,0,0,0,0,0,0,0,0,0
2021-05-30,0,0,0,0,0,0,0,0,0,0,0,0,0,0,0,0,0,0,0,0,0,0,0,0,0,0,0,0,0,0,0,0,0
2021-05-31,0,0,0,0,0,0,0,0,0,0,0,0,0,0,0,0,0,0,0,0,0,0,0,0,0,0,0,0,0,0,0,0,0
2021-06-01,86,0,11,4,4,2,0,30,1,6,2,0,0,47,4,1,4,9,1,2,-1,12,4,23,50,2,15,-1,1,-1,7,1,4
2021-06-02,20,0,0,0,5,1,0,-2,3,5,0,0,0,7,2,0,0,-2,0,-1,0,2,0,3,11,6,4,1,0,2,1,1,2
2021-06-03,36,0,1,0,0,1,0,5,2,4,3,0,1,0,0,1,0,5,0,-1,0,6,0,7,12,1,8,0,0,0,10,1,5
2021-06-04,43,0,6,0,1,0,0,19,1,3,8,0,0,0,3,1,1,-2,0,1,0,10,2,6,12,1,6,2,0,0,12,0,6
2021-06-05,0,0,0,0,0,0,0,0,0,0,0,0,0,0,0,0,0,0,0,0,0,0,0,0,0,0,0,0,0,0,0,0,0
2021-06-06,0,0,0,0,0,0,0,0,0,0,0,0,0,0,0,0,0,0,0,0,0,0,0,0,0,0,0,0,0,0,0,0,0
2021-06-07,38,1,4,-3,1,3,0,23,19,-3,2,0,0,2,5,0,1,1,0,6,2,8,3,18,36,3,7,0,0,0,8,1,10
2021-06-08,21,0,0,0,1,1,0,5,2,0,1,0,0,0,1,0,0,3,1,19,0,9,0,0,4,2,4,0,0,0,0,0,6
2021-06-09,26,-1,4,-1,0,2,0,8,1,0,1,0,0,1,1,0,-2,1,0,4,0,2,1,4,5,1,11,0,0,2,-1,0,5
2021-06-10,20,0,2,1,2,1,0,13,3,3,3,0,1,2,4,0,1,0,0,9,0,7,0,3,4,0,10,1,0,2,3,0,1
2021-06-11,35,0,4,1,0,2,2,8,1,1,1,0,0,1,0,2,2,0,0,2,6,4,0,6,32,0,8,0,0,3,2,0,2
2021-06-12,0,0,0,0,0,0,0,0,0,0,0,0,0,0,0,0,0,0,0,0,0,0,0,0,0,0,0,0,0,0,0,0,0
2021-06-13,0,0,0,0,0,0,0,0,0,0,0,0,0,0,0,0,0,0,0,0,0,0,0,0,0,0,0,0,0,0,0,0,0
2021-06-14,57,0,11,1,2,8,2,30,6,2,2,0,0,11,1,0,7,4,0,6,4,7,2,11,18,3,20,0,0,2,6,0,4
2021-06-15,25,0,1,0,0,3,1,8,8,0,1,0,0,3,0,1,1,1,0,1,2,4,2,5,10,2,6,0,0,0,1,0,9
2021-06-16,20,0,0,1,1,3,0,8,3,2,2,0,0,0,1,0,3,1,0,0,0,6,0,4,11,2,3,0,2,2,27,0,4
2021-06-17,23,0,2,1,1,6,0,15,3,3,1,1,1,4,1,0,0,3,0,1,1,2,0,6,5,1,9,0,0,0,12,0,3
2021-06-18,34,0,3,1,0,4,0,5,0,0,1,0,0,7,0,1,0,4,0,4,1,4,1,15,17,1,6,0,0,1,3,0,6
2021-06-19,0,0,0,0,0,0,0,0,0,0,0,0,0,0,0,0,0,0,0,0,0,0,0,0,0,0,0,0,0,0,0,0,0
2021-06-20,0,0,0,0,0,0,0,0,0,0,0,0,0,0,0,0,0,0,0,0,0,0,0,0,0,0,0,0,0,0,0,0,0
2021-06-21,55,0,2,1,0,32,1,27,6,2,4,0,0,44,0,1,2,3,0,8,3,6,6,7,15,4,11,0,0,7,11,1,6
2021-06-22,29,3,1,1,0,0,0,7,4,0,2,0,0,2,0,0,0,1,0,4,0,2,1,3,12,5,4,0,0,2,3,0,11
2021-06-23,23,0,1,1,0,0,0,9,2,0,2,0,0,1,0,0,0,0,0,5,0,12,0,6,5,1,3,0,0,3,1,0,1
2021-06-24,25,0,0,1,0,2,0,6,1,0,1,0,0,0,0,0,1,3,1,5,0,3,1,2,6,1,10,0,3,0,-1,0,10
2021-06-25,19,0,0,6,0,2,0,3,6,1,0,0,0,2,0,0,0,1,0,1,0,3,0,6,5,1,8,0,0,5,1,0,5
2021-06-26,0,0,0,0,0,0,0,0,0,0,0,0,0,0,0,0,0,0,0,0,0,0,0,0,0,0,0,0,0,0,0,0,0
2021-06-27,0,0,0,0,0,0,0,0,0,0,0,0,0,0,0,0,0,0,0,0,0,0,0,0,0,0,0,0,0,0,0,0,0
2021-06-28,42,0,5,3,0,3,0,9,7,0,0,0,1,1,1,0,4,1,1,1,0,15,1,6,18,3,8,1,0,3,1,0,13
2021-06-29,13,-1,0,0,0,0,0,2,0,2,3,0,0,-1,1,0,1,0,0,2,0,6,0,1,6,1,5,0,0,1,0,1,3
2021-06-30,20,0,2,1,0,4,0,5,0,0,2,0,0,1,0,1,0,6,0,3,0,1,-1,3,10,-1,2,-3,2,0,-1,0,1
2021-07-01,13,0,0,5,0,0,0,13,3,3,2,0,0,0,0,0,0,3,0,2,0,4,2,8,10,1,7,0,0,4,2,0,5
2021-07-02,22,0,0,0,0,0,0,9,2,2,0,0,1,0,1,0,4,3,0,1,0,7,1,7,5,1,11,2,0,2,2,0,3
2021-07-03,0,0,0,0,0,0,0,0,0,0,0,0,0,0,0,0,0,0,0,0,0,0,0,0,0,0,0,0,0,0,0,0,0
2021-07-04,0,0,0,0,0,0,0,0,0,0,0,0,0,0,0,0,0,0,0,0,0,0,0,0,0,0,0,0,0,0,0,0,0
2021-07-05,0,0,0,0,0,0,0,0,0,0,0,0,0,0,0,0,0,0,0,0,0,0,0,0,0,0,0,0,0,0,0,0,0
2021-07-06,59,0,2,4,0,4,0,31,3,2,1,0,0,1,1,2,6,15,0,6,0,8,1,12,13,3,10,0,0,5,0,0,11
2021-07-07,27,0,1,1,0,2,0,5,0,0,0,0,0,0,0,1,3,1,0,0,0,2,3,10,2,1,14,0,0,0,0,0,8
2021-07-08,46,0,2,0,0,3,0,9,4,0,2,0,3,1,1,1,2,11,0,3,2,7,0,8,10,0,9,0,1,4,0,0,3
2021-07-09,42,0,5,0,1,4,0,6,1,1,0,0,0,0,1,1,3,7,0,5,0,3,2,10,4,0,9,1,1,13,0,0,4
2021-07-10,0,0,0,0,0,0,0,0,0,0,0,0,0,0,0,0,0,0,0,0,0,0,0,0,0,0,0,0,0,0,0,0,0
2021-07-11,0,0,0,0,0,0,0,0,0,0,0,0,0,0,0,0,0,0,0,0,0,0,0,0,0,0,0,0,0,0,0,0,0
2021-07-12,98,0,7,1,0,10,0,26,8,3,0,0,3,0,2,2,10,11,0,0,0,9,3,33,16,3,26,0,1,13,1,1,10
2021-07-13,35,0,0,0,0,5,0,18,6,0,0,0,1,3,0,0,0,4,0,8,0,3,0,11,5,4,5,0,0,8,0,0,1
2021-07-14,62,0,7,1,0,5,0,18,5,2,0,0,4,6,2,1,4,7,1,2,1,4,2,16,6,3,10,0,1,4,0,0,6
2021-07-15,23,0,6,0,0,2,0,19,11,0,3,0,2,5,3,0,1,11,1,8,0,9,2,9,6,8,9,0,2,0,2,0,9
2021-07-16,46,0,4,0,3,5,0,6,13,3,0,0,1,2,0,0,4,2,0,26,1,7,4,13,8,4,10,0,0,2,26,0,2
2021-07-17,0,0,0,0,0,0,0,0,0,0,0,0,0,0,0,0,0,0,0,0,0,0,0,0,0,0,0,0,0,0,0,0,0
2021-07-18,0,0,0,0,0,0,0,0,0,0,0,0,0,0,0,0,0,0,0,0,0,0,0,0,0,0,0,0,0,0,0,0,0
2021-07-19,128,0,4,7,0,13,0,16,29,0,0,0,4,17,4,0,0,14,1,26,0,-2,0,24,33,4,24,0,1,5,3,0,22
2021-07-20,57,0,0,1,0,4,0,5,21,0,0,0,0,5,0,0,2,6,0,6,0,3,1,9,1,2,7,0,0,1,0,0,4
2021-07-21,77,1,7,0,4,13,0,21,27,0,0,0,0,7,2,0,1,4,0,40,1,6,2,17,22,2,9,0,0,2,1,0,5
2021-07-22,71,0,10,2,0,7,0,10,13,3,0,0,8,13,9,0,3,4,0,18,1,4,2,10,14,12,10,1,2,6,1,0,14
2021-07-23,93,0,7,0,0,4,0,12,18,0,0,0,1,10,4,1,3,3,0,46,0,2,4,15,12,0,14,0,0,3,6,0,9
2021-07-24,0,0,0,0,0,0,0,0,0,0,0,0,0,0,0,0,0,0,0,0,0,0,0,0,0,0,0,0,0,0,0,0,0
2021-07-25,0,0,0,0,0,0,0,0,0,0,0,0,0,0,0,0,0,0,0,0,0,0,0,0,0,0,0,0,0,0,0,0,0
2021-07-26,232,0,21,2,1,14,0,37,59,3,1,0,11,29,9,1,4,12,1,25,4,8,8,42,32,6,26,3,4,7,3,0,26
2021-07-27,68,0,9,1,5,11,0,12,33,1,0,0,2,24,5,0,0,4,0,13,2,9,2,14,3,3,9,0,0,1,1,0,6
2021-07-28,114,0,17,2,5,5,0,19,34,3,0,0,0,18,9,3,3,10,0,9,1,6,3,19,16,3,20,1,0,1,2,0,5
2021-07-29,97,0,23,1,0,15,0,25,45,1,0,0,0,30,16,1,3,12,0,10,1,5,5,28,51,5,12,0,1,0,4,1,9
2021-07-30,93,0,20,1,0,11,0,31,34,6,2,0,6,14,13,0,1,17,0,5,6,5,6,23,10,0,10,0,3,1,4,0,9
2021-07-31,0,0,0,0,0,0,0,0,0,0,0,0,0,0,0,0,0,0,0,0,0,0,0,0,0,0,0,0,0,0,0,0,0
2021-08-01,0,0,0,0,0,0,0,0,0,0,0,0,0,0,0,0,0,0,0,0,0,0,0,0,0,0,0,0,0,0,0,0,0
2021-08-02,340,2,44,6,3,43,1,70,96,8,0,0,13,33,11,3,0,40,1,36,5,9,30,85,64,9,56,1,9,2,4,1,51
2021-08-03,132,1,17,2,0,15,6,30,54,1,0,0,1,27,13,0,2,3,0,12,1,7,0,20,14,6,8,5,0,1,95,1,4
2021-08-04,207,0,20,6,0,15,1,34,40,7,1,0,12,25,6,4,6,34,1,32,10,9,10,38,22,5,12,4,1,1,2,2,36
2021-08-05,146,0,36,5,0,33,1,65,61,8,1,0,20,29,26,2,17,16,1,30,7,4,12,28,53,7,33,0,3,1,7,1,21
2021-08-06,192,3,21,0,2,14,2,54,55,2,1,0,2,32,5,5,4,12,1,12,8,6,7,31,0,8,30,2,4,4,1,0,26
2021-08-07,0,0,0,0,0,0,0,0,0,0,0,0,0,0,0,0,0,0,0,0,0,0,0,0,0,0,0,0,0,0,0,0,0
2021-08-08,0,0,0,0,0,0,0,0,0,0,0,0,0,0,0,0,0,0,0,0,0,0,0,0,0,0,0,0,0,0,0,0,0
2021-08-09,337,1,87,5,3,52,0,63,131,4,1,0,5,111,30,4,16,63,1,62,18,15,21,63,76,18,58,2,2,18,6,1,31
2021-08-10,200,1,15,5,4,10,3,47,68,2,2,0,2,131,24,0,5,9,0,18,6,12,2,35,22,4,12,4,6,1,3,1,29
2021-08-11,174,3,53,2,7,22,7,51,67,5,1,0,5,80,10,5,6,27,0,19,8,16,12,41,39,7,18,2,1,0,5,0,20
2021-08-12,136,0,94,5,2,21,0,84,81,7,2,0,3,611,26,5,2,28,2,22,3,5,1,33,24,13,33,3,2,4,5,0,22
2021-08-13,197,0,53,8,7,18,0,41,83,0,1,0,1,104,18,2,9,22,0,43,5,4,17,37,33,8,27,3,7,2,6,0,40
2021-08-14,0,0,0,0,0,0,0,0,0,0,0,0,0,0,0,0,0,0,0,0,0,0,0,0,0,0,0,0,0,0,0,0,0
2021-08-15,0,0,0,0,0,0,0,0,0,0,0,0,0,0,0,0,0,0,0,0,0,0,0,0,0,0,0,0,0,0,0,0,0
2021-08-16,539,6,137,4,0,59,2,112,162,10,4,0,3,109,23,8,6,51,3,65,10,17,23,111,107,25,65,5,5,10,14,6,70
2021-08-17,170,0,24,8,8,22,0,68,65,1,4,0,0,141,19,0,5,5,1,15,5,21,13,37,28,14,20,4,0,9,6,0,34
2021-08-18,269,0,62,5,12,13,1,46,58,2,1,0,1,123,14,1,8,30,1,15,11,18,10,54,35,5,30,2,5,3,12,0,27
2021-08-19,199,2,104,9,9,32,0,75,86,4,5,0,3,158,20,2,4,25,8,26,4,10,21,29,40,25,21,7,4,11,8,0,16
2021-08-20,169,1,69,9,12,44,0,22,63,8,16,0,4,113,13,3,4,27,1,53,12,16,23,53,41,10,27,4,9,5,18,0,19
2021-08-21,0,0,0,0,0,0,0,0,0,0,0,0,0,0,0,0,0,0,0,0,0,0,0,0,0,0,0,0,0,0,0,0,0
2021-08-22,0,0,0,0,0,0,0,0,0,0,0,0,0,0,0,0,0,0,0,0,0,0,0,0,0,0,0,0,0,0,0,0,0
2021-08-23,502,2,164,10,4,114,1,162,178,19,6,0,6,169,25,9,14,88,5,104,17,38,30,126,130,38,101,4,7,36,15,0,74
2021-08-24,254,0,18,11,3,42,0,48,49,2,2,0,0,139,14,0,5,12,1,29,8,7,7,58,55,29,21,2,4,11,5,0,38
2021-08-25,236,0,34,4,7,32,2,34,57,6,2,0,2,106,8,6,4,32,1,16,4,7,12,32,38,5,18,3,3,14,8,0,35
2021-08-26,221,2,74,19,2,39,1,76,46,2,2,0,3,94,9,1,4,31,3,27,14,21,12,38,43,17,57,5,7,18,7,0,27
2021-08-27,171,0,105,9,17,55,3,73,84,3,2,0,2,78,23,1,10,31,2,25,12,10,9,33,58,25,41,2,8,10,13,0,36
2021-08-28,0,0,0,0,0,0,0,0,0,0,0,0,0,0,0,0,0,0,0,0,0,0,0,0,0,0,0,0,0,0,0,0,0
2021-08-29,0,0,0,0,0,0,0,0,0,0,0,0,0,0,0,0,0,0,0,0,0,0,0,0,0,0,0,0,0,0,0,0,0
2021-08-30,550,2,150,10,18,137,1,209,198,8,5,1,7,159,41,3,29,31,3,99,11,36,31,86,137,76,73,6,24,33,20,2,80
2021-08-31,178,0,44,6,2,37,1,44,42,1,1,0,2,126,8,1,8,28,2,10,8,12,1,35,48,81,35,5,7,16,8,1,30
2021-09-01,221,0,43,4,15,33,0,69,69,5,3,0,2,87,29,0,12,26,0,41,6,3,11,38,63,33,19,0,10,8,5,0,19
2021-09-02,221,7,116,20,6,26,0,87,59,6,1,0,1,96,14,3,21,26,0,25,6,16,8,46,54,24,35,3,8,11,3,3,36
2021-09-03,172,1,96,3,17,54,0,78,63,10,2,0,0,81,33,3,4,32,3,25,6,13,29,37,46,35,21,3,11,9,9,1,13
2021-09-04,0,0,0,0,0,0,0,0,0,0,0,0,0,0,0,0,0,0,0,0,0,0,0,0,0,0,0,0,0,0,0,0,0
2021-09-05,0,0,0,0,0,0,0,0,0,0,0,0,0,0,0,0,0,0,0,0,0,0,0,0,0,0,0,0,0,0,0,0,0
2021-09-06,0,0,0,0,0,0,0,0,0,0,0,0,0,0,0,0,0,0,0,0,0,0,0,0,0,0,0,0,0,0,0,0,0
2021-09-07,708,0,168,14,15,119,1,183,138,17,4,0,5,176,56,7,18,86,9,87,16,38,20,165,123,65,93,25,18,45,28,3,54
2021-09-08,85,1,42,9,1,20,0,73,31,5,0,0,0,108,16,0,1,32,1,14,4,1,2,15,31,11,12,1,4,10,2,0,9
2021-09-09,119,0,61,10,6,29,0,39,28,0,5,0,0,61,7,0,7,23,2,10,11,6,19,22,42,23,16,4,6,2,6,2,10
2021-09-10,160,0,70,8,23,29,3,100,67,7,1,0,1,103,10,2,12,5,6,35,4,6,4,62,36,33,22,1,13,5,3,4,45
2021-09-11,0,0,0,0,0,0,0,0,0,0,0,0,0,0,0,0,0,0,0,0,0,0,0,0,0,0,0,0,0,0,0,0,0
2021-09-12,0,0,0,0,0,0,0,0,0,0,0,0,0,0,0,0,0,0,0,0,0,0,0,0,0,0,0,0,0,0,0,0,0
2021-09-13,490,1,96,16,7,78,2,141,94,12,0,0,4,117,42,3,25,58,8,72,12,24,15,139,78,52,61,12,15,40,12,7,44
2021-09-14,214,0,14,9,7,32,0,69,34,9,3,0,0,106,11,0,4,9,1,26,5,2,9,44,43,18,18,9,2,4,6,0,28
2021-09-15,219,0,27,7,14,22,0,70,25,10,1,0,2,79,9,2,4,9,0,22,4,11,3,32,50,3,13,4,5,9,8,0,22
2021-09-16,231,0,54,22,6,30,0,76,28,6,0,0,0,62,45,1,2,24,7,32,11,15,9,55,52,33,23,1,3,5,17,5,22
2021-09-17,117,0,67,5,12,30,0,81,80,10,2,0,0,89,18,1,8,23,1,29,8,13,5,32,58,4,25,5,6,4,3,2,20
2021-09-18,0,0,0,0,0,0,0,0,0,0,0,0,0,0,0,0,0,0,0,0,0,0,0,0,0,0,0,0,0,0,0,0,0
2021-09-19,0,0,0,0,0,0,0,0,0,0,0,0,0,0,0,0,0,0,0,0,0,0,0,0,0,0,0,0,0,0,0,0,0
2021-09-20,372,2,70,24,13,51,0,124,79,11,2,1,5,100,18,5,6,53,4,71,17,34,9,104,111,34,70,6,3,18,26,6,60
2021-09-21,103,0,5,1,8,14,0,45,24,9,0,0,1,61,1,1,0,12,0,16,8,5,2,25,22,2,14,0,1,4,3,0,23
2021-09-22,209,0,51,14,13,19,1,38,46,6,0,0,0,40,6,1,8,23,9,28,9,17,6,50,34,8,18,1,9,3,7,2,38
2021-09-23,166,0,60,14,4,21,0,68,46,10,8,0,0,35,27,0,6,9,1,38,7,15,5,34,53,15,37,1,0,2,5,5,30
2021-09-24,198,2,45,11,9,22,1,36,48,4,7,0,2,24,10,2,3,17,3,42,15,10,5,44,47,5,36,3,1,2,14,3,42
2021-09-25,0,0,0,0,0,0,0,0,0,0,0,0,0,0,0,0,0,0,0,0,0,0,0,0,0,0,0,0,0,0,0,0,0
2021-09-26,0,0,0,0,0,0,0,0,0,0,0,0,0,0,0,0,0,0,0,0,0,0,0,0,0,0,0,0,0,0,0,0,0
2021-09-27,577,5,98,26,15,83,1,150,88,26,1,0,5,107,33,8,15,43,11,98,13,41,14,105,170,19,90,2,6,11,20,6,99
2021-09-28,135,1,15,15,7,12,0,49,36,3,2,0,0,40,4,0,6,82,1,19,10,6,3,45,65,8,9,1,3,6,7,3,17
2021-09-29,168,0,38,16,2,10,0,28,41,15,0,1,1,62,15,4,4,6,4,25,7,9,7,39,58,21,20,3,5,3,5,0,16
2021-09-30,303,0,37,14,18,7,0,42,45,10,3,0,0,31,22,5,14,55,4,36,12,15,7,51,140,18,34,7,2,8,13,1,53
2021-10-01,213,0,48,10,9,25,0,51,35,7,1,0,0,50,15,3,7,35,10,24,5,8,4,51,81,13,27,3,4,3,11,0,25
2021-10-02,0,0,0,0,0,0,0,0,0,0,0,0,0,0,0,0,0,0,0,0,0,0,0,0,0,0,0,0,0,0,0,0,0
2021-10-03,0,0,0,0,0,0,0,0,0,0,0,0,0,0,0,0,0,0,0,0,0,0,0,0,0,0,0,0,0,0,0,0,0
2021-10-04,411,1,77,20,6,24,0,126,67,25,2,5,1,54,13,14,15,145,11,139,7,30,7,99,253,27,95,13,4,12,9,0,63
2021-10-05,154,1,31,7,4,7,1,20,14,7,6,6,1,28,5,1,2,34,0,25,1,7,7,32,49,6,31,4,1,17,6,1,22
2021-10-06,211,1,30,13,12,8,2,53,28,24,1,0,4,40,25,3,8,52,4,37,12,14,4,63,71,13,22,5,8,2,5,2,55
2021-10-07,212,0,46,8,7,16,0,45,46,18,1,2,1,32,14,34,5,39,2,56,6,6,10,66,237,17,42,3,8,3,15,3,23
2021-10-08,240,0,55,13,13,14,1,61,28,18,1,5,1,26,18,2,0,32,8,58,7,13,4,54,164,8,62,3,11,13,10,1,29
2021-10-09,0,0,0,0,0,0,0,0,0,0,0,0,0,0,0,0,0,0,0,0,0,0,0,0,0,0,0,0,0,0,0,0,0
2021-10-10,0,0,0,0,0,0,0,0,0,0,0,0,0,0,0,0,0,0,0,0,0,0,0,0,0,0,0,0,0,0,0,0,0
2021-10-11,0,0,0,0,0,0,0,0,0,0,0,0,0,0,0,0,0,0,0,0,0,0,0,0,0,0,0,0,0,0,0,0,0
2021-10-12,512,33,72,120,15,26,2,156,75,53,1,7,3,99,13,21,30,116,16,211,8,19,15,134,369,32,102,22,17,21,12,1,94
2021-10-13,198,1,41,11,2,10,0,76,30,20,1,0,0,22,7,8,11,45,0,23,3,16,10,42,61,11,25,3,2,1,4,2,22
2021-10-14,187,6,54,10,4,15,1,75,31,23,3,1,5,19,7,15,5,55,2,37,4,18,4,54,117,13,44,5,5,10,12,3,32
2021-10-15,200,9,28,10,9,9,2,48,24,28,1,0,0,7,29,0,7,38,10,70,3,12,7,52,114,12,36,1,5,9,6,1,14
2021-10-16,0,0,0,0,0,0,0,0,0,0,0,0,0,0,0,0,0,0,0,0,0,0,0,0,0,0,0,0,0,0,0,0,0
2021-10-17,0,0,0,0,0,0,0,0,0,0,0,0,0,0,0,0,0,0,0,0,0,0,0,0,0,0,0,0,0,0,0,0,0
2021-10-18,373,3,74,21,16,29,2,144,39,36,0,1,6,34,38,14,9,98,4,132,4,50,20,118,385,24,66,13,10,14,24,8,68
2021-10-19,169,0,12,7,7,3,4,34,14,9,1,0,1,10,5,3,5,35,0,21,2,9,4,30,69,6,19,3,9,6,2,3,14
2021-10-20,115,1,21,15,6,8,0,77,13,6,1,0,2,18,5,3,5,63,3,24,5,16,9,59,101,4,18,3,5,1,3,1,18
2021-10-21,283,1,45,15,6,9,0,98,27,34,1,0,1,24,46,3,24,57,2,56,1,55,3,62,169,5,37,4,0,6,9,0,49
2021-10-22,229,0,27,9,9,16,1,99,15,41,3,0,3,19,12,2,9,51,1,68,5,16,4,71,167,3,35,5,9,12,8,1,32
2021-10-23,0,0,0,0,0,0,0,0,0,0,0,0,0,0,0,0,0,0,0,0,0,0,0,0,0,0,0,0,0,0,0,0,0
2021-10-24,0,0,0,0,0,0,0,0,0,0,0,0,0,0,0,0,0,0,0,0,0,0,0,0,0,0,0,0,0,0,0,0,0
2021-10-25,588,6,54,19,26,36,1,263,45,103,2,0,4,36,20,2,36,66,3,158,7,48,10,138,421,23,77,3,17,31,8,0,70
2021-10-26,147,2,17,12,5,19,1,68,16,11,1,0,0,23,8,1,10,49,0,55,5,11,14,40,89,6,28,4,5,7,3,2,27
2021-10-27,217,4,40,17,9,19,3,49,24,69,0,0,3,30,25,0,15,87,1,24,10,45,16,64,77,6,39,7,7,21,4,0,25
2021-10-28,303,3,63,17,8,9,3,196,41,54,0,1,2,23,32,2,16,87,1,36,2,41,3,36,166,22,41,7,16,20,4,3,42
2021-10-29,235,2,30,7,12,11,5,113,26,38,1,0,3,16,7,6,9,64,4,92,4,4,5,51,171,13,34,8,6,10,7,0,60
2021-10-30,0,0,0,0,0,0,0,0,0,0,0,0,0,0,0,0,0,0,0,0,0,0,0,0,0,0,0,0,0,0,0,0,0
2021-10-31,0,0,0,0,0,0,0,0,0,0,0,0,0,0,0,0,0,0,0,0,0,0,0,0,0,0,0,0,0,0,0,0,0
2021-11-01,656,5,68,22,22,37,4,329,40,69,0,0,3,30,36,5,35,135,4,161,11,75,29,142,407,21,102,11,13,54,15,1,84
2021-11-02,175,2,5,6,12,17,2,82,20,14,2,0,1,13,9,2,11,44,1,38,3,20,10,42,76,3,27,7,7,6,3,3,11
2021-11-03,272,5,35,20,13,12,2,100,24,64,2,0,12,20,15,1,8,77,1,56,2,67,14,52,176,8,47,5,5,9,6,1,30
2021-11-04,333,1,55,18,6,18,7,222,30,67,2,0,3,22,54,1,29,79,1,50,2,28,15,85,286,18,59,4,4,38,8,10,57
2021-11-05,372,1,34,11,5,11,12,212,29,64,3,0,3,14,24,6,19,52,0,90,2,30,7,79,215,12,59,6,20,15,10,1,42
2021-11-06,0,0,0,0,0,0,0,0,0,0,0,0,0,0,0,0,0,0,0,0,0,0,0,0,0,0,0,0,0,0,0,0,0
2021-11-07,0,0,0,0,0,0,0,0,0,0,0,0,0,0,0,0,0,0,0,0,0,0,0,0,0,0,0,0,0,0,0,0,0
2021-11-08,764,3,79,81,40,48,0,559,52,83,4,0,5,44,38,14,60,138,2,132,8,72,19,147,518,25,162,15,22,55,15,25,115
2021-11-09,415,3,24,7,16,13,4,87,38,14,1,0,1,20,9,0,12,60,0,35,3,14,2,71,113,8,42,10,5,5,3,2,98
2021-11-10,385,6,31,24,10,7,4,212,16,70,1,0,4,25,8,5,15,69,0,26,11,46,0,63,188,8,32,4,11,6,5,1,43
2021-11-11,0,0,0,0,0,0,0,0,0,0,0,0,0,0,0,0,0,0,0,0,0,0,0,0,0,0,0,0,0,0,0,0,0
2021-11-12,926,4,103,31,34,33,5,459,62,134,4,3,3,39,34,9,54,152,1,121,38,49,17,201,555,50,162,26,29,45,31,3,104
2021-11-13,0,0,0,0,0,0,0,0,0,0,0,0,0,0,0,0,0,0,0,0,0,0,0,0,0,0,0,0,0,0,0,0,0
2021-11-14,0,0,0,0,0,0,0,0,0,0,0,0,0,0,0,0,0,0,0,0,0,0,0,0,0,0,0,0,0,0,0,0,0
2021-11-15,1006,3,98,19,12,50,7,560,59,68,2,1,5,23,14,10,67,117,0,246,17,53,6,229,581,36,144,18,28,20,38,8,144
2021-11-16,297,0,10,24,17,12,5,173,39,5,2,0,0,12,14,4,11,40,0,41,29,19,3,72,81,12,32,16,8,3,7,3,32
2021-11-17,421,0,37,12,13,17,4,235,37,71,1,0,2,10,35,5,35,102,1,37,12,33,2,118,112,31,28,8,21,8,7,1,67
2021-11-18,467,0,61,10,8,31,0,304,51,30,5,1,2,11,20,19,19,72,2,49,13,28,12,96,255,15,66,13,35,10,8,2,73
2021-11-19,486,1,59,14,8,47,0,221,29,24,3,1,0,19,16,2,17,59,3,62,20,36,65,122,257,22,103,11,22,26,18,4,59
2021-11-20,0,0,0,0,0,0,0,0,0,0,0,0,0,0,0,0,0,0,0,0,0,0,0,0,0,0,0,0,0,0,0,0,0
2021-11-21,0,0,0,0,0,0,0,0,0,0,0,0,0,0,0,0,0,0,0,0,0,0,0,0,0,0,0,0,0,0,0,0,0
2021-11-22,989,1,100,20,27,42,5,735,60,72,4,0,4,32,29,7,32,129,3,118,17,62,15,246,311,34,241,29,32,45,23,24,154
2021-11-23,369,1,13,13,29,15,4,175,12,25,1,0,0,14,0,2,10,22,2,22,13,13,4,213,77,13,37,4,12,6,7,3,33
2021-11-24,420,0,40,13,5,17,4,229,37,27,4,0,1,12,19,7,15,81,0,46,13,32,20,115,82,9,59,7,7,9,5,6,68
2021-11-25,0,0,0,0,0,0,0,0,0,0,0,0,0,0,0,0,0,0,0,0,0,0,0,0,0,0,0,0,0,0,0,0,0
2021-11-26,0,0,0,0,0,0,0,0,0,0,0,0,0,0,0,0,0,0,0,0,0,0,0,0,0,0,0,0,0,0,0,0,0
2021-11-27,0,0,0,0,0,0,0,0,0,0,0,0,0,0,0,0,0,0,0,0,0,0,0,0,0,0,0,0,0,0,0,0,0
2021-11-28,0,0,0,0,0,0,0,0,0,0,0,0,0,0,0,0,0,0,0,0,0,0,0,0,0,0,0,0,0,0,0,0,0
2021-11-29,1444,4,163,60,12,85,3,788,76,115,8,0,1,60,33,11,59,176,5,130,43,71,28,387,404,58,258,38,77,50,37,8,196
2021-11-30,339,1,22,16,75,24,6,156,33,12,2,0,2,20,10,0,12,30,2,66,18,21,9,117,78,11,45,6,15,9,7,5,55
2021-12-01,563,3,66,10,8,32,3,312,37,24,4,0,4,23,36,5,12,68,4,24,22,47,28,108,158,17,54,10,41,10,8,1,83
2021-12-02,610,2,79,20,3,51,6,293,80,27,7,0,1,34,17,9,20,67,5,77,20,31,20,137,119,19,95,13,31,18,16,5,114
2021-12-03,797,3,66,17,1,48,1,322,30,47,1,0,0,21,11,9,13,56,7,99,18,48,43,157,118,28,107,19,39,38,9,5,207
2021-12-04,0,0,0,0,0,0,0,0,0,0,0,0,0,0,0,0,0,0,0,0,0,0,0,0,0,0,0,0,0,0,0,0,0
2021-12-05,0,0,0,0,0,0,0,0,0,0,0,0,0,0,0,0,0,0,0,0,0,0,0,0,0,0,0,0,0,0,0,0,0
2021-12-06,1324,0,149,21,2,75,4,604,64,29,2,0,0,35,24,14,42,100,5,135,29,65,21,219,216,36,176,26,47,69,18,5,235
2021-12-07,335,0,19,16,7,30,7,97,18,6,2,2,0,17,8,1,15,20,3,36,10,5,20,108,60,7,31,6,10,11,4,4,42
2021-12-08,443,0,75,19,7,30,10,213,37,20,0,0,3,23,12,6,26,42,1,34,11,23,10,98,92,25,74,3,17,8,6,5,71
2021-12-09,489,5,93,16,4,38,5,216,49,22,1,0,3,45,2,3,51,37,4,40,16,24,23,115,49,9,96,11,11,43,16,7,70
2021-12-10,359,1,54,16,0,50,7,185,51,17,1,0,6,28,14,8,16,36,2,83,25,18,79,66,84,17,80,12,22,12,13,8,73
2021-12-11,0,0,0,0,0,0,0,0,0,0,0,0,0,0,0,0,0,0,0,0,0,0,0,0,0,0,0,0,0,0,0,0,0
2021-12-12,0,0,0,0,0,0,0,0,0,0,0,0,0,0,0,0,0,0,0,0,0,0,0,0,0,0,0,0,0,0,0,0,0
2021-12-13,858,0,107,24,5,56,3,245,68,29,1,2,7,56,13,8,20,45,9,41,20,60,28,187,161,32,126,7,28,36,17,7,135
2021-12-14,260,0,12,6,6,17,1,93,29,1,5,1,-1,38,7,0,2,17,1,26,9,8,-1,58,27,5,11,2,14,21,6,10,44
2021-12-15,373,1,81,25,7,63,1,173,51,28,3,0,5,28,38,2,22,22,1,38,11,31,32,94,71,24,57,7,19,4,5,4,59
2021-12-16,391,4,78,9,2,42,1,186,37,31,0,0,2,28,9,10,12,22,4,20,9,22,51,74,55,16,67,3,14,16,9,4,55
2021-12-17,330,1,65,32,14,39,4,140,43,23,2,0,1,26,8,2,6,17,3,34,10,24,17,58,56,17,101,5,22,16,6,5,43
2021-12-18,0,0,0,0,0,0,0,0,0,0,0,0,0,0,0,0,0,0,0,0,0,0,0,0,0,0,0,0,0,0,0,0,0
2021-12-19,0,0,0,0,0,0,0,0,0,0,0,0,0,0,0,0,0,0,0,0,0,0,0,0,0,0,0,0,0,0,0,0,0
2021-12-20,1152,2,93,11,7,91,3,378,40,49,4,0,7,57,14,7,29,49,6,57,12,33,19,189,110,21,206,10,20,20,33,5,383
2021-12-21,263,0,30,6,6,19,7,62,45,13,0,0,0,31,4,2,6,10,0,12,3,9,2,74,28,13,34,2,3,3,1,2,20
2021-12-22,234,0,66,5,2,14,1,92,25,47,1,0,5,41,14,-1,8,31,1,17,4,14,3,44,87,19,39,11,28,7,10,1,35
2021-12-23,383,2,57,6,3,31,0,121,30,28,1,1,1,33,11,6,9,21,2,16,11,30,37,87,42,12,84,10,13,8,3,3,38
2021-12-24,0,0,0,0,0,0,0,0,0,0,0,0,0,0,0,0,0,0,0,0,0,0,0,0,0,0,0,0,0,0,0,0,0
2021-12-25,0,0,0,0,0,0,0,0,0,0,0,0,0,0,0,0,0,0,0,0,0,0,0,0,0,0,0,0,0,0,0,0,0
2021-12-26,0,0,0,0,0,0,0,0,0,0,0,0,0,0,0,0,0,0,0,0,0,0,0,0,0,0,0,0,0,0,0,0,0
2021-12-27,951,1,169,38,8,246,1,274,67,48,4,0,12,58,24,8,23,56,2,124,15,57,21,221,97,29,245,9,22,34,20,14,116
2021-12-28,302,1,27,5,5,24,3,32,15,3,0,2,0,36,5,0,8,10,3,20,4,12,16,90,51,5,38,3,6,26,7,3,36
2021-12-29,407,3,37,17,4,41,3,205,41,73,2,0,9,80,11,2,15,41,4,28,4,17,21,76,62,16,85,2,10,7,10,5,32
2021-12-30,792,1,156,17,17,31,2,259,50,64,4,0,9,78,12,20,16,43,3,23,3,41,3,135,63,32,184,11,27,21,10,4,81
2021-12-31,0,0,0,0,0,0,0,0,0,0,0,0,0,0,0,0,0,0,0,0,0,0,0,0,0,0,0,0,0,0,0,0,0
2022-01-01,0,0,0,0,0,0,0,0,0,0,0,0,0,0,0,0,0,0,0,0,0,0,0,0,0,0,0,0,0,0,0,0,0
2022-01-02,0,0,0,0,0,0,0,0,0,0,0,0,0,0,0,0,0,0,0,0,0,0,0,0,0,0,0,0,0,0,0,0,0
2022-01-03,2503,10,291,50,32,133,9,966,105,134,1,0,19,216,72,93,61,199,13,185,13,170,29,518,296,88,694,25,36,87,34,10,345
2022-01-04,503,1,46,16,7,62,8,163,56,17,4,0,2,98,17,9,10,46,11,48,9,25,46,97,101,30,97,0,8,8,42,1,48
2022-01-05,924,1,36,39,8,55,2,146,79,64,7,1,7,150,21,3,12,174,1,48,6,15,46,182,160,39,137,12,37,15,14,14,58
2022-01-06,1080,0,59,48,24,73,4,247,96,86,3,0,21,145,26,29,14,184,4,87,9,77,18,271,188,50,262,6,12,33,15,4,57
2022-01-07,1289,0,39,57,15,64,3,708,98,71,19,0,18,157,23,69,20,204,8,69,8,118,58,296,245,42,394,6,21,38,20,5,70
2022-01-08,0,0,0,0,0,0,0,0,0,0,0,0,0,0,0,0,0,0,0,0,0,0,0,0,0,0,0,0,0,0,0,0,0
2022-01-09,0,0,0,0,0,0,0,0,0,0,0,0,0,0,0,0,0,0,0,0,0,0,0,0,0,0,0,0,0,0,0,0,0
2022-01-10,3219,6,139,146,35,161,5,1033,122,110,15,1,27,323,65,114,109,514,13,192,7,186,26,599,677,119,654,26,56,141,33,11,366
2022-01-11,872,2,143,70,10,64,5,303,110,7,2,0,2,140,11,33,27,142,1,109,19,44,41,220,206,42,193,11,17,29,10,2,45
2022-01-12,2005,7,844,78,44,131,12,1013,90,67,19,1,13,265,53,41,36,254,10,101,30,126,49,427,374,78,488,3,25,42,46,15,125
2022-01-13,1508,5,239,42,29,87,11,994,147,64,3,0,11,212,104,15,42,246,1,122,26,75,70,355,414,119,318,19,49,38,21,9,127
2022-01-14,1364,2,187,92,28,122,3,636,133,79,15,1,21,194,47,62,57,277,7,78,22,139,89,342,443,53,398,23,42,56,41,7,123
2022-01-15,0,0,0,0,0,0,0,0,0,0,0,0,0,0,0,0,0,0,0,0,0,0,0,0,0,0,0,0,0,0,0,0,0
2022-01-16,0,0,0,0,0,0,0,0,0,0,0,0,0,0,0,0,0,0,0,0,0,0,0,0,0,0,0,0,0,0,0,0,0
2022-01-17,0,0,0,0,0,0,0,0,0,0,0,0,0,0,0,0,0,0,0,0,0,0,0,0,0,0,0,0,0,0,0,0,0
2022-01-18,6092,14,690,265,71,558,13,2858,579,202,42,1,24,505,160,280,175,988,30,524,35,491,156,1842,1387,322,1802,41,122,279,86,24,512
2022-01-19,1667,2,285,109,19,129,11,844,127,129,13,1,22,230,46,32,40,266,4,238,23,143,37,361,279,50,240,24,31,116,22,5,261
2022-01-20,1546,2,218,114,37,68,9,589,245,51,16,0,12,172,110,128,73,233,7,133,19,143,31,485,348,100,515,10,67,73,17,9,419
2022-01-21,1473,6,276,99,27,199,7,932,312,51,20,0,19,114,47,78,81,309,7,150,12,118,40,325,492,105,363,20,82,62,39,3,162
2022-01-22,0,0,0,0,0,0,0,0,0,0,0,0,0,0,0,0,0,0,0,0,0,0,0,0,0,0,0,0,0,0,0,0,0
2022-01-23,0,0,0,0,0,0,0,0,0,0,0,0,0,0,0,0,0,0,0,0,0,0,0,0,0,0,0,0,0,0,0,0,0
2022-01-24,4111,14,509,221,60,303,6,2019,462,103,24,3,13,238,117,133,162,892,27,480,15,324,48,1028,1226,191,898,49,102,147,62,24,688
2022-01-25,858,5,177,112,7,89,6,417,109,29,14,0,2,110,16,9,24,172,5,93,16,47,54,282,191,40,190,24,32,23,15,6,157
2022-01-26,1163,8,57,101,19,81,2,383,114,43,15,1,11,143,39,44,58,271,7,81,12,135,17,416,248,39,244,12,40,141,7,5,158
2022-01-27,1302,1,199,39,13,107,1,999,139,46,15,0,8,64,54,32,118,297,20,101,17,114,13,343,481,87,233,14,43,48,14,12,208
2022-01-28,1298,1,204,106,9,125,2,670,165,91,15,0,12,87,58,95,67,227,11,183,7,145,68,304,320,74,326,15,87,192,31,5,243
2022-01-29,0,0,0,0,0,0,0,0,0,0,0,0,0,0,0,0,0,0,0,0,0,0,0,0,0,0,0,0,0,0,0,0,0
2022-01-30,0,0,0,0,0,0,0,0,0,0,0,0,0,0,0,0,0,0,0,0,0,0,0,0,0,0,0,0,0,0,0,0,0
2022-01-31,2471,4,512,124,59,190,2,1350,292,138,7,4,17,145,86,61,130,448,26,303,15,195,169,606,818,109,513,43,74,84,34,14,330
2022-02-01,434,3,19,40,4,54,2,168,58,26,15,0,2,65,14,4,16,131,10,88,2,27,40,126,183,31,90,1,6,18,5,11,63
2022-02-02,596,1,69,40,9,51,4,358,45,48,19,0,13,90,22,19,19,138,2,49,8,96,26,201,248,46,184,14,30,23,6,0,117
2022-02-03,727,2,230,87,4,87,3,477,123,49,3,0,9,111,42,32,63,159,4,109,11,55,21,220,384,38,160,11,25,18,13,4,116
2022-02-04,436,0,89,58,4,51,4,412,57,53,5,0,5,48,10,8,32,136,3,51,6,18,26,109,238,13,115,12,7,28,14,1,48
2022-02-05,0,0,0,0,0,0,0,0,0,0,0,0,0,0,0,0,0,0,0,0,0,0,0,0,0,0,0,0,0,0,0,0,0
2022-02-06,0,0,0,0,0,0,0,0,0,0,0,0,0,0,0,0,0,0,0,0,0,0,0,0,0,0,0,0,0,0,0,0,0
2022-02-07,1368,1,107,53,12,94,3,791,92,49,9,1,4,87,17,22,64,235,9,208,8,102,45,312,357,51,233,19,24,40,28,7,135
2022-02-08,323,0,11,16,9,30,4,305,67,19,3,1,1,43,5,1,23,77,5,47,3,18,40,101,102,8,49,5,26,14,2,4,34
2022-02-09,466,0,37,20,15,32,5,268,64,55,6,0,7,36,30,10,11,75,1,90,3,44,26,146,127,25,97,5,25,13,5,1,54
2022-02-10,582,8,35,30,9,43,3,237,29,42,7,0,8,21,19,9,17,47,5,54,3,24,25,179,127,33,106,12,7,18,11,2,69
2022-02-11,354,0,16,38,5,8,1,76,17,20,10,0,2,12,6,12,16,92,1,80,2,18,20,109,95,12,80,3,6,16,5,4,59
2022-02-12,0,0,0,0,0,0,0,0,0,0,0,0,0,0,0,0,0,0,0,0,0,0,0,0,0,0,0,0,0,0,0,0,0
2022-02-13,0,0,0,0,0,0,0,0,0,0,0,0,0,0,0,0,0,0,0,0,0,0,0,0,0,0,0,0,0,0,0,0,0
2022-02-14,1068,2,71,80,11,53,8,244,35,35,11,0,4,64,15,41,44,123,4,99,10,16,8,272,332,30,168,16,13,13,59,6,169
2022-02-15,249,0,23,2,4,11,2,32,11,18,1,0,1,12,2,8,4,29,1,10,1,11,13,84,34,13,39,8,1,13,2,3,22
2022-02-16,306,2,16,29,2,21,0,121,24,29,8,0,5,15,13,10,27,50,1,36,2,19,10,90,105,16,39,2,8,11,7,2,46
2022-02-17,301,0,27,16,4,23,4,94,26,19,4,0,2,12,2,12,9,35,5,15,2,25,4,81,97,28,58,4,5,12,6,4,53
2022-02-18,285,0,14,21,6,25,0,175,25,26,5,0,10,14,10,2,23,30,1,13,3,21,6,57,57,21,52,4,7,18,7,0,36
2022-02-19,0,0,0,0,0,0,0,0,0,0,0,0,0,0,0,0,0,0,0,0,0,0,0,0,0,0,0,0,0,0,0,0,1
2022-02-20,0,0,0,0,0,0,0,0,0,0,0,0,0,0,0,0,0,0,0,0,0,0,0,0,0,0,0,0,0,0,0,0,0
2022-02-21,395,2,18,30,5,35,2,209,25,20,79,0,4,19,13,22,26,58,4,42,3,-2,5,105,135,33,114,8,12,20,26,8,65
2022-02-22,134,0,2,2,0,5,0,19,8,4,-16,0,0,-3,5,3,0,28,1,6,0,-13,7,46,24,7,29,0,3,0,1,-3,16
2022-02-23,173,0,5,15,7,18,0,39,11,21,4,0,0,7,10,2,7,13,0,14,2,-20,4,44,36,12,57,3,6,9,3,2,28
2022-02-24,164,0,9,10,3,8,0,86,8,8,8,1,0,4,7,16,12,30,0,11,2,-6,0,54,61,22,68,3,0,5,6,0,20
2022-02-25,144,1,20,6,5,10,0,25,9,10,0,0,3,9,1,9,7,34,1,12,1,6,10,38,37,4,20,0,1,3,1,5,21
2022-02-26,0,0,0,0,0,0,0,0,0,0,0,0,0,0,0,0,0,0,0,0,0,0,0,0,0,0,0,0,0,0,0,0,0
2022-02-27,0,0,0,0,0,0,0,0,0,0,0,0,0,0,0,0,0,0,0,0,0,0,0,0,0,0,0,0,0,0,0,0,0
2022-02-28,254,1,1,13,1,6,0,55,10,11,0,0,3,2,7,6,11,30,1,17,0,8,1,42,65,9,59,4,7,6,4,0,17
2022-03-01,220,2,27,21,6,15,0,64,8,10,6,2,1,5,3,11,5,29,3,33,3,14,2,66,44,7,46,1,5,8,1,1,17
2022-03-02,97,1,2,6,7,4,0,27,4,11,1,0,2,33,6,6,2,39,3,25,0,4,3,30,36,16,43,3,2,2,-5,0,12
2022-03-03,82,1,9,2,4,4,1,28,7,13,14,1,1,13,3,11,4,27,1,8,1,13,6,25,58,11,21,1,2,3,6,1,14
2022-03-04,96,2,8,-2,2,7,1,48,1,4,0,0,1,6,2,2,3,32,1,11,0,3,2,30,36,11,28,-2,3,3,4,1,15
2022-03-05,0,0,0,0,0,0,0,0,0,0,0,0,0,0,0,0,0,0,0,0,0,0,0,0,0,0,0,0,0,0,0,0,0
2022-03-06,0,0,0,0,0,0,0,0,0,0,0,0,0,0,0,0,0,0,0,0,0,0,0,0,0,0,0,0,0,0,0,0,0
2022-03-07,209,1,9,11,3,10,0,68,4,15,33,2,6,7,7,7,3,37,-1,40,1,9,1,45,44,17,39,1,3,8,21,1,36
2022-03-08,36,0,2,5,0,1,0,18,2,10,0,0,1,11,5,0,3,6,0,7,1,1,4,8,23,6,20,1,1,1,2,0,1
2022-03-09,80,0,4,10,5,5,0,38,8,7,0,0,0,9,3,4,2,17,0,10,0,11,3,20,23,7,54,2,0,4,1,1,13
2022-03-10,109,1,3,48,7,5,0,20,9,10,2,1,2,3,1,4,-1,20,0,8,1,8,4,31,14,7,47,2,0,5,3,0,16
2022-03-11,69,2,4,10,4,8,1,33,1,7,2,0,0,4,1,6,3,9,1,9,5,1,3,23,16,8,18,0,1,4,1,1,8
2022-03-12,0,0,0,0,0,0,0,0,0,0,0,0,0,0,0,0,0,0,0,0,0,0,0,0,0,0,0,0,0,0,0,0,0
2022-03-13,0,0,0,0,0,0,0,0,0,0,0,0,0,0,0,0,0,0,0,0,0,0,0,0,0,0,0,0,0,0,0,0,0
2022-03-14,143,0,6,1,0,5,1,41,5,4,0,0,0,5,6,6,1,15,1,6,0,11,0,33,22,3,55,-1,0,11,2,0,8
2022-03-15,44,0,-1,6,-1,4,0,3,1,6,0,0,1,1,-1,0,0,-8,1,2,4,1,2,11,6,4,8,2,0,0,0,0,6
2022-03-16,54,0,1,3,0,4,0,36,3,9,1,0,0,3,1,2,5,20,0,5,0,4,1,11,10,1,17,1,0,1,0,0,0
2022-03-17,60,0,2,7,0,4,0,16,2,2,0,0,0,2,1,0,0,11,0,2,2,8,1,26,15,5,24,0,0,1,0,0,15
2022-03-18,0,0,0,0,0,0,0,0,0,0,0,0,0,0,0,0,0,0,0,0,0,0,0,0,0,0,0,0,0,0,0,0,0
2022-03-19,0,0,0,0,0,0,0,0,0,0,0,0,0,0,0,0,0,0,0,0,0,0,0,0,0,0,0,0,0,0,0,0,0
2022-03-20,57,0,1,5,1,2,0,14,1,3,0,0,0,4,5,1,0,12,1,2,0,7,1,12,6,0,12,0,0,1,0,0,7
2022-03-21,128,0,6,1,0,2,2,24,4,4,0,0,0,4,7,1,2,13,3,11,1,4,1,37,10,5,26,0,2,3,7,0,31
2022-03-22,30,0,0,0,0,0,0,3,1,3,0,0,0,1,2,0,0,3,1,-1,0,4,0,7,47,3,7,0,1,1,-3,0,2
2022-03-23,52,0,3,2,1,2,0,55,2,5,0,0,0,0,3,4,3,6,0,1,1,3,2,16,11,21,21,0,0,3,-2,1,12
2022-03-24,61,0,-1,5,0,1,0,25,3,2,1,0,0,1,9,1,-2,15,0,0,2,2,0,18,13,4,25,2,0,1,1,0,4
2022-03-25,48,0,1,7,0,1,0,10,0,2,-1,0,0,0,9,0,0,12,0,3,1,2,0,10,11,5,14,0,1,1,2,0,4
2022-03-26,0,0,0,0,0,0,0,0,0,0,0,0,0,0,0,0,0,0,0,0,0,0,0,0,0,0,0,0,0,0,0,0,0
2022-03-27,0,0,0,0,0,0,0,0,0,0,0,0,0,0,0,0,0,0,0,0,0,0,0,0,0,0,0,0,0,0,0,0,0
2022-03-28,97,1,4,5,0,6,0,15,0,2,1,0,0,4,4,2,1,13,0,2,1,5,0,26,61,11,23,3,2,3,3,0,6
2022-03-29,24,0,2,1,1,0,0,3,1,1,1,0,0,2,0,1,0,-1,0,5,0,6,1,10,6,3,6,0,0,1,2,0,6
2022-03-30,43,0,-1,3,1,2,0,11,2,1,1,2,0,1,3,1,1,8,0,5,0,1,1,13,3,4,18,2,0,2,0,0,5
2022-03-31,41,0,4,1,0,1,0,12,0,1,0,0,1,1,2,4,0,4,0,3,0,3,0,9,6,0,12,0,0,6,1,0,4
2022-04-01,29,0,0,3,0,1,0,7,0,1,0,0,0,0,1,0,3,4,1,3,1,3,2,3,10,2,10,0,0,2,0,0,7
2022-04-02,0,0,0,0,0,0,0,0,0,0,0,0,0,0,0,0,0,0,0,0,0,0,0,0,0,0,0,0,0,0,0,0,0
2022-04-03,0,0,0,0,0,0,0,0,0,0,0,0,0,0,0,0,0,0,0,0,0,0,0,0,0,0,0,0,0,0,0,0,0
2022-04-04,109,5,4,11,2,11,0,163,9,2,2,0,7,4,2,10,10,21,1,9,2,8,4,26,28,10,29,4,4,5,0,1,11
2022-04-05,42,0,-1,1,0,2,0,4,0,1,0,0,0,1,2,2,0,3,0,4,0,0,1,5,2,2,13,1,0,1,0,0,0
2022-04-06,44,0,5,15,0,3,0,9,0,4,0,0,3,1,3,3,0,7,0,0,0,2,1,11,5,5,16,0,0,1,4,0,5
2022-04-07,41,0,1,1,0,2,0,4,0,2,-1,0,0,1,0,5,0,5,1,6,1,4,0,4,4,1,28,0,0,1,1,0,3
2022-04-08,49,0,1,3,1,4,0,9,0,0,0,0,0,4,3,2,1,6,0,5,0,1,1,8,8,4,5,1,0,3,0,1,1
2022-04-09,0,0,0,0,0,0,0,0,0,0,0,0,0,0,0,0,0,0,0,0,0,0,0,0,0,0,0,0,0,0,0,0,0
2022-04-10,0,0,0,0,0,0,0,0,0,0,0,0,0,0,0,0,0,0,0,0,0,0,0,0,0,0,0,0,0,0,0,0,0
2022-04-11,88,1,1,5,1,32,0,21,0,5,1,0,0,2,10,7,6,20,1,8,1,3,0,36,11,8,31,2,1,2,1,1,13
2022-04-12,22,0,-1,3,0,4,0,0,2,0,0,0,0,0,1,-2,-1,8,0,1,1,8,0,11,4,6,5,0,0,1,1,0,3
2022-04-13,59,0,2,3,1,9,0,7,0,7,0,0,0,0,3,1,2,12,0,6,0,4,0,13,4,1,26,0,0,-1,0,0,5
2022-04-14,74,0,0,7,1,3,0,15,1,0,0,0,0,10,0,8,0,10,0,3,1,4,-1,8,3,1,14,0,0,3,0,0,3
2022-04-15,63,0,1,9,0,6,0,9,1,2,0,0,0,-1,1,0,0,7,0,7,0,5,0,11,5,4,10,1,2,3,1,1,3
2022-04-16,0,0,0,0,0,0,0,0,0,0,0,0,0,0,0,0,0,0,0,0,0,0,0,0,0,0,0,0,0,0,0,0,0
2022-04-17,0,0,0,0,0,0,0,0,0,0,0,0,0,0,0,0,0,0,0,0,0,0,0,0,0,0,0,0,0,0,0,0,0
2022-04-18,163,0,10,11,2,19,0,31,-1,6,0,0,2,4,5,13,5,14,0,1,0,5,3,53,11,6,64,1,3,4,4,0,15
2022-04-19,36,1,3,3,0,5,0,8,4,1,0,0,1,2,0,2,1,4,0,2,1,2,0,12,5,1,17,0,0,2,1,0,0
2022-04-20,51,0,-1,11,0,4,0,19,2,1,0,0,0,0,2,8,1,10,1,0,1,8,2,17,5,1,34,3,1,2,0,0,4
2022-04-21,100,0,1,5,1,9,0,24,1,-1,1,0,0,2,2,3,0,4,0,3,0,9,1,25,6,4,24,0,2,5,0,0,4
2022-04-22,64,0,2,13,2,8,0,13,2,0,0,0,0,4,0,4,0,3,0,0,2,7,5,14,6,2,26,1,0,6,0,0,2
2022-04-23,0,0,0,0,0,0,0,0,0,0,0,0,0,0,0,0,0,0,0,0,0,0,0,0,0,0,0,0,0,0,0,0,0
2022-04-24,0,0,0,0,0,0,0,0,0,0,0,0,0,0,0,0,0,0,0,0,0,0,0,0,0,0,0,0,0,0,0,0,0
2022-04-25,157,0,4,16,0,13,1,41,1,4,1,0,1,0,3,13,0,14,0,6,0,12,2,45,9,5,49,-4,1,10,-1,0,4
2022-04-26,0,0,0,0,0,0,0,0,0,0,0,0,0,0,0,0,0,0,0,0,0,0,0,0,0,0,0,0,0,0,0,0,0
2022-04-27,0,0,0,0,0,0,0,0,0,0,0,0,0,0,0,0,0,0,0,0,0,0,0,0,0,0,0,0,0,0,0,0,0
2022-04-28,214,0,8,21,2,27,2,76,9,6,0,2,1,7,4,20,1,16,1,-4,-1,30,3,61,36,3,76,0,0,12,0,3,22
2022-04-29,80,-1,2,13,0,6,0,21,1,1,2,0,0,1,5,0,2,7,0,1,0,10,0,17,6,1,46,0,-1,5,5,0,4
2022-04-30,0,0,0,0,0,0,0,0,0,0,0,0,0,0,0,0,0,0,0,0,0,0,0,0,0,0,0,0,0,0,0,0,0
2022-05-01,0,0,0,0,0,0,0,0,0,0,0,0,0,0,0,0,0,0,0,0,0,0,0,0,0,0,0,0,0,0,0,0,0
2022-05-02,217,0,4,23,3,9,2,61,1,0,0,0,0,-1,4,13,-2,6,1,9,-1,7,-1,39,16,13,65,0,7,9,4,0,13
2022-05-03,83,0,-2,-2,1,8,0,6,1,4,0,0,0,1,6,0,1,2,0,1,0,4,4,15,8,0,15,-1,4,2,-3,0,5
2022-05-04,102,0,2,8,0,8,3,7,4,6,0,0,0,1,1,2,0,6,3,5,0,9,2,23,4,0,33,0,1,7,1,0,6
2022-05-05,148,0,4,3,1,6,0,41,3,0,0,0,0,0,4,16,0,0,0,6,1,16,0,22,13,3,47,0,3,3,0,0,13
2022-05-06,117,0,1,10,0,9,1,42,10,4,0,0,1,2,3,7,4,11,0,5,0,9,0,24,13,1,29,1,2,3,1,0,9
2022-05-07,0,0,0,0,0,0,0,0,0,0,0,0,0,0,0,0,0,0,0,0,0,0,0,0,0,0,0,0,0,0,0,0,0
2022-05-08,0,0,0,0,0,0,0,0,0,0,0,0,0,0,0,0,0,0,0,0,0,0,0,0,0,0,0,0,0,0,0,0,0
2022-05-09,281,0,8,8,0,11,1,80,1,9,-1,0,0,0,4,13,-1,15,2,8,1,18,1,73,19,9,91,1,8,8,5,-1,20
2022-05-10,102,0,0,3,0,6,4,14,2,11,0,0,0,0,3,2,1,3,0,1,1,8,3,23,7,3,44,0,1,2,3,0,4
2022-05-11,133,0,2,17,0,2,2,41,8,13,0,0,0,3,2,2,0,3,1,7,0,9,1,41,16,4,30,2,0,5,0,1,9
2022-05-12,183,0,11,10,0,7,0,31,2,5,0,0,1,4,3,11,1,15,0,1,1,72,0,30,8,8,58,5,5,5,3,-1,23
2022-05-13,128,0,5,4,1,8,1,51,6,12,1,0,0,1,1,0,2,6,0,18,0,19,0,27,11,1,57,2,3,3,1,0,15
